cfg_id,model_type,WINDOW,HIDDEN_DIM,DROPOUT,LR,WEIGHT_DECAY,GATE_INIT,K_DIST,SIGMA_KM,K_CORR,HUBER_BETA,folds_used,MAE_mean,MAE_std,RMSE_mean,RMSE_std,sMAPE_mean,sMAPE_std,MASE_mean,MASE_std
1,TGCN_C1_GATED_IMPROVED,12,64,0.0,0.001,0.0,0.85,8,,8,1.0,5,18179.3697265625,4165.091923583516,36709.784765625,12886.390810687082,6.2536922842264175,1.6718959096100399,0.18815040043347062,0.05087534037331653
2,TGCN_C1_GATED_IMPROVED,18,64,0.0,0.001,0.0,0.85,8,,8,1.0,5,19058.6302734375,4174.13750241029,35096.899609375,9633.254026188999,6.731754839420319,1.789831173718463,0.19565423054081704,0.04783437145286611
3,TGCN_C1_GATED_IMPROVED,12,64,0.0,0.001,0.0001,0.85,8,,8,1.0,5,18957.928125,3443.7466954636466,37452.18828125,13397.130846926408,6.60403311252594,1.562838498073567,0.19557146605719175,0.04626089125883245
4,TGCN_C1_GATED_IMPROVED,18,64,0.0,0.001,0.0001,0.85,8,,8,1.0,5,18103.861328125,2724.3151975049377,33188.503515625,10132.321794927395,6.418597847223282,0.9602171114021146,0.18765654602331194,0.043220655372232394
5,TGCN_C1_GATED_IMPROVED,12,64,0.0,0.001,0.0,0.85,8,60.0,8,1.0,5,19844.5765625,4281.150870271757,36906.907421875,10002.580934552947,6.8098535388708115,1.601640586556247,0.20215357692330221,0.042225566793096934
6,TGCN_C1_GATED_IMPROVED,18,64,0.0,0.001,0.0,0.85,8,60.0,8,1.0,5,18546.3767578125,3361.78391616417,35439.46328125,9999.05934186021,6.471254900097847,1.451371948723188,0.1908493031693983,0.04316540277182888
7,TGCN_C1_GATED_IMPROVED,12,64,0.0,0.001,0.0001,0.85,8,60.0,8,1.0,5,19155.033984375,3621.027012892675,35599.43828125,10563.798162635776,6.7522624880075455,1.6631886253463228,0.19648181869279865,0.04184988929572314
8,TGCN_C1_GATED_IMPROVED,18,64,0.0,0.001,0.0001,0.85,8,60.0,8,1.0,5,20168.5744140625,5080.320611783484,36021.135546875,12608.894650698769,7.179386988282204,2.0201154820962732,0.20873912912504483,0.05930046453270935
9,TGCN_C1_GATED_IMPROVED,12,64,0.0,0.0005,0.0,0.85,8,,8,1.0,5,18132.6732421875,4367.74727165865,32450.0640625,9441.905222249161,6.609425395727158,2.042279763910204,0.1877430222704206,0.05398741077508621
10,TGCN_C1_GATED_IMPROVED,18,64,0.0,0.0005,0.0,0.85,8,,8,1.0,5,19761.86484375,2726.70216889971,33117.531640625,8099.013922800912,7.171043306589127,1.1349674135990695,0.20310441811773505,0.03752265862440913
11,TGCN_C1_GATED_IMPROVED,12,64,0.0,0.0005,0.0001,0.85,8,,8,1.0,5,19428.6392578125,4495.3102738983125,36130.9875,10987.188585932267,6.860637739300728,2.019174733841586,0.20055285472308668,0.055138399874862035
12,TGCN_C1_GATED_IMPROVED,18,64,0.0,0.0005,0.0001,0.85,8,,8,1.0,5,17477.08515625,2805.007089701065,29813.0953125,9984.664967913337,6.196427270770073,0.7724417346196363,0.1824732659861677,0.04916143212709566
13,TGCN_C1_GATED_IMPROVED,12,64,0.0,0.0005,0.0,0.85,8,60.0,8,1.0,5,18761.9369140625,4229.613052154205,37286.301953125,13644.74538053183,6.499163508415222,1.7100027842310894,0.19397289082679753,0.05270984163986838
14,TGCN_C1_GATED_IMPROVED,18,64,0.0,0.0005,0.0,0.85,8,60.0,8,1.0,5,17800.5287109375,4330.326875734159,30485.008984375,9318.675409995732,6.45020954310894,1.6758389509368445,0.18624110961739923,0.05924041698046751
15,TGCN_C1_GATED_IMPROVED,12,64,0.0,0.0005,0.0001,0.85,8,60.0,8,1.0,5,18475.896484375,3628.8200781679557,34929.446484375,9995.724005436972,6.510582342743874,1.6436714510091033,0.19063718493308407,0.04756176012482478
16,TGCN_C1_GATED_IMPROVED,18,64,0.0,0.0005,0.0001,0.85,8,60.0,8,1.0,5,18237.28046875,2107.8692637858726,31867.1625,7397.73117034996,6.549231857061386,0.8215628758074013,0.18899622604078375,0.039720760961713925
17,TGCN_C1_GATED_IMPROVED,12,64,0.0,0.0003,0.0,0.85,8,,8,1.0,5,17291.395703125,3284.6971293340557,32729.16484375,12862.440946996821,6.159908100962639,1.108459251948187,0.17883024239042414,0.047445709556162216
18,TGCN_C1_GATED_IMPROVED,18,64,0.0,0.0003,0.0,0.85,8,,8,1.0,5,18617.0701171875,2779.2709951050156,31935.86640625,8207.891343075602,6.810479685664177,1.1141690715395924,0.1926441792207696,0.042789709710272725
19,TGCN_C1_GATED_IMPROVED,12,64,0.0,0.0003,0.0001,0.85,8,,8,1.0,5,18165.82890625,5242.331761080672,32201.450390625,10025.558795308481,6.626319736242294,2.3041052795458907,0.18834273899996026,0.061913449080636646
20,TGCN_C1_GATED_IMPROVED,18,64,0.0,0.0003,0.0001,0.85,8,,8,1.0,5,18813.598828125,2616.61550260764,30644.50390625,6647.907887013225,6.7596641927957535,1.218821036114287,0.19501447947331693,0.043123658051614076
21,TGCN_C1_GATED_IMPROVED,12,64,0.0,0.0003,0.0,0.85,8,60.0,8,1.0,5,18555.534375,2980.1578531929194,33327.338671875,9439.95127312382,6.748178005218506,1.52135204788868,0.19072051903837242,0.03994817181573764
22,TGCN_C1_GATED_IMPROVED,18,64,0.0,0.0003,0.0,0.85,8,60.0,8,1.0,5,18197.40859375,3260.166687693534,29636.3,8124.988361121904,6.668399199843407,1.1308211146734386,0.1901233694305878,0.054199094077078874
23,TGCN_C1_GATED_IMPROVED,12,64,0.0,0.0003,0.0001,0.85,8,60.0,8,1.0,5,17539.5759765625,3789.91200702935,31920.233203125,10937.735816795084,6.305568367242813,1.5102024400598193,0.1820877415828249,0.051973289408471034
24,TGCN_C1_GATED_IMPROVED,18,64,0.0,0.0003,0.0001,0.85,8,60.0,8,1.0,5,17156.2171875,3138.9009714455947,30361.889453125,10707.200906185459,6.151359528303146,0.8627448552123076,0.17831560858608694,0.049211822310007605
25,TGCN_C1_GATED_IMPROVED,12,64,0.0,0.0001,0.0,0.85,8,,8,1.0,5,20279.6244140625,4558.127666801849,32107.4421875,6229.973313871709,7.484941780567169,1.9527907275550478,0.2081448206863316,0.05018275335797251
26,TGCN_C1_GATED_IMPROVED,18,64,0.0,0.0001,0.0,0.85,8,,8,1.0,5,21592.9841796875,4942.45798795869,33915.091015625,6306.122637689131,7.967378944158554,2.2135490851208366,0.22235682697719567,0.057545092602797394
27,TGCN_C1_GATED_IMPROVED,12,64,0.0,0.0001,0.0001,0.85,8,,8,1.0,5,19665.876953125,2978.412813557817,33117.073828125,8200.941999210498,7.210645899176598,1.4137113296843589,0.201745608716972,0.040370425103487755
28,TGCN_C1_GATED_IMPROVED,18,64,0.0,0.0001,0.0001,0.85,8,,8,1.0,5,18408.132421875,2385.292395395196,29892.223828125,7437.953417995269,6.714505255222321,0.7582969724728098,0.19053434207494588,0.04190344267305297
29,TGCN_C1_GATED_IMPROVED,12,64,0.0,0.0001,0.0,0.85,8,60.0,8,1.0,5,20782.816796875,3101.73073534041,32547.720703125,6680.438540063833,7.66435980796814,1.4543183535822444,0.2137130252095357,0.04225297185602789
30,TGCN_C1_GATED_IMPROVED,18,64,0.0,0.0001,0.0,0.85,8,60.0,8,1.0,5,19778.6693359375,3499.0764822122014,31444.06484375,7031.823638266609,7.339318096637726,1.4078207089481678,0.20471383165322482,0.049732674216434875
31,TGCN_C1_GATED_IMPROVED,12,64,0.0,0.0001,0.0001,0.85,8,60.0,8,1.0,5,21101.6642578125,4029.6704842354357,33074.537890625,6331.675528187612,7.854075580835342,1.8568802653923193,0.2166464229032722,0.04838763414038045
32,TGCN_C1_GATED_IMPROVED,18,64,0.0,0.0001,0.0001,0.85,8,60.0,8,1.0,5,20516.295703125,2222.908143169863,32495.386328125,8681.722536792151,7.419145256280899,1.1322945998840899,0.2111383180096414,0.03737252547541486
33,TGCN_C1_GATED_IMPROVED,12,128,0.0,0.001,0.0,0.85,8,,8,1.0,5,19724.634765625,4160.746941916409,40604.44140625,16237.104221611795,6.695937439799309,1.7948272685786413,0.20293188813362098,0.050751000620559865
34,TGCN_C1_GATED_IMPROVED,18,128,0.0,0.001,0.0,0.85,8,,8,1.0,5,19498.2986328125,4308.000497913792,39999.34609375,15539.295220143995,6.568421348929405,1.873409782531794,0.20127167742796734,0.05397613641810885
35,TGCN_C1_GATED_IMPROVED,12,128,0.0,0.001,0.0001,0.85,8,,8,1.0,5,20735.730078125,5075.9895160282185,39084.8421875,10262.632641820433,7.147276550531387,2.1590837911640457,0.21144694930275193,0.050261914995660906
36,TGCN_C1_GATED_IMPROVED,18,128,0.0,0.001,0.0001,0.85,8,,8,1.0,5,20736.7080078125,4328.677392631097,40487.113671875,14766.940283261989,7.014666795730591,1.9780434631671353,0.2122054494976208,0.048909155242505914
37,TGCN_C1_GATED_IMPROVED,12,128,0.0,0.001,0.0,0.85,8,60.0,8,1.0,5,20447.0849609375,4603.137243151676,39092.233203125,12024.329822700534,7.050200775265694,1.9502285933672163,0.20837384144887067,0.04602292066905398
38,TGCN_C1_GATED_IMPROVED,18,128,0.0,0.001,0.0,0.85,8,60.0,8,1.0,5,20383.6974609375,4660.375506339676,40713.1828125,13143.428642989922,6.8556733429431915,1.999911677153659,0.20884035993544883,0.05077808046303421
39,TGCN_C1_GATED_IMPROVED,12,128,0.0,0.001,0.0001,0.85,8,60.0,8,1.0,5,20438.4173828125,4819.129543639754,39105.655859375,12318.08046731919,7.029616162180901,2.3673287597371226,0.20957468008615443,0.053136402625079626
40,TGCN_C1_GATED_IMPROVED,18,128,0.0,0.001,0.0001,0.85,8,60.0,8,1.0,5,18538.1017578125,3162.842884321648,36609.2109375,11693.223839739041,6.293608844280243,1.4767702587701668,0.19041511394878224,0.03923571348264315
41,TGCN_C1_GATED_IMPROVED,12,128,0.0,0.0005,0.0,0.85,8,,8,1.0,5,19327.8736328125,4108.159041235003,39305.98984375,14656.545147537336,6.584135815501213,1.78565381803526,0.19934121139871486,0.05181976501203327
42,TGCN_C1_GATED_IMPROVED,18,128,0.0,0.0005,0.0,0.85,8,,8,1.0,5,18858.259765625,3543.637998477876,36268.14453125,13745.84767070577,6.634165048599243,1.4036453853350812,0.1957569739764824,0.05076754725012629
43,TGCN_C1_GATED_IMPROVED,12,128,0.0,0.0005,0.0001,0.85,8,,8,1.0,5,18662.956640625,3225.359597947965,36971.094140625,12811.6976550251,6.485041603446007,1.5089151758725319,0.19249554473668068,0.0437139856795216
44,TGCN_C1_GATED_IMPROVED,18,128,0.0,0.0005,0.0001,0.85,8,,8,1.0,5,20276.5609375,3858.3799805088693,37563.259375,11373.017535606865,7.081948816776276,1.485664962803675,0.20828703263085827,0.04443664824376003
45,TGCN_C1_GATED_IMPROVED,12,128,0.0,0.0005,0.0,0.85,8,60.0,8,1.0,5,20813.605859375,4496.955991254288,41915.246484375,16566.035285229063,7.018511742353439,1.7899730389310722,0.2132506606159316,0.05115810300170966
46,TGCN_C1_GATED_IMPROVED,18,128,0.0,0.0005,0.0,0.85,8,60.0,8,1.0,5,20417.7765625,3622.6383722489322,38403.805078125,13378.418699273014,6.955711469054222,1.457078317681001,0.20972614037887963,0.04449062050050302
47,TGCN_C1_GATED_IMPROVED,12,128,0.0,0.0005,0.0001,0.85,8,60.0,8,1.0,5,20443.8060546875,4066.112938504651,39511.50859375,12537.456485119144,7.061770483851433,1.9142298776053468,0.209584924024551,0.046334972069997704
48,TGCN_C1_GATED_IMPROVED,18,128,0.0,0.0005,0.0001,0.85,8,60.0,8,1.0,5,18780.84296875,2935.451114495397,36771.941015625,14063.74193978899,6.342993974685669,0.921921844198756,0.19462325035395778,0.046139676308664224
49,TGCN_C1_GATED_IMPROVED,12,128,0.0,0.0003,0.0,0.85,8,,8,1.0,5,18834.925,3524.314163756032,37918.95078125,14291.104636394215,6.507449299097061,1.4818250898658352,0.19452300741516299,0.04827210545565214
50,TGCN_C1_GATED_IMPROVED,18,128,0.0,0.0003,0.0,0.85,8,,8,1.0,5,20370.817578125,3971.3891649613165,36293.687890625,10700.238263890906,7.283628061413765,1.6900916621282311,0.20984163851430152,0.0487597938313349
51,TGCN_C1_GATED_IMPROVED,12,128,0.0,0.0003,0.0001,0.85,8,,8,1.0,5,19285.5365234375,3679.316263031869,37329.233203125,12927.007798307908,6.729609370231628,1.7240966775308153,0.19864155830624614,0.047140883739261945
52,TGCN_C1_GATED_IMPROVED,18,128,0.0,0.0003,0.0001,0.85,8,,8,1.0,5,17542.473046875,2728.773996239049,32906.698046875,11015.243050836954,6.1239780485630035,1.0375015390252083,0.18223255797134938,0.04476067634301123
53,TGCN_C1_GATED_IMPROVED,12,128,0.0,0.0003,0.0,0.85,8,60.0,8,1.0,5,18381.876953125,3363.851491796784,36805.794921875,14488.729258007439,6.382291242480278,1.6424471669035394,0.19015659994172265,0.04611393096590001
54,TGCN_C1_GATED_IMPROVED,18,128,0.0,0.0003,0.0,0.85,8,60.0,8,1.0,5,18731.1228515625,3147.103759264273,35156.53828125,13279.755042968107,6.538001000881195,1.0481811949976532,0.19429089686850193,0.04919122652723665
55,TGCN_C1_GATED_IMPROVED,12,128,0.0,0.0003,0.0001,0.85,8,60.0,8,1.0,5,18041.2693359375,4481.7857422988955,36617.050390625,15746.221140961792,6.200907230377197,1.7596157709370714,0.18811822455071756,0.059188448535135635
56,TGCN_C1_GATED_IMPROVED,18,128,0.0,0.0003,0.0001,0.85,8,60.0,8,1.0,5,18296.33671875,2742.0888537900896,33818.76796875,10490.737429767742,6.386348009109497,0.8529963346315451,0.1899688941085652,0.04544612286450122
57,TGCN_C1_GATED_IMPROVED,12,128,0.0,0.0001,0.0,0.85,8,,8,1.0,5,20544.098828125,5974.594197788753,37708.440234375,12069.204402196328,7.385518252849579,2.7132297351971553,0.21132849038451856,0.06570347500921284
58,TGCN_C1_GATED_IMPROVED,18,128,0.0,0.0001,0.0,0.85,8,,8,1.0,5,19018.002734375,2982.75698587179,32509.64609375,10086.549429487633,6.8669067323207855,1.3033431372491528,0.1967827039657836,0.04536522415862055
59,TGCN_C1_GATED_IMPROVED,12,128,0.0,0.0001,0.0001,0.85,8,,8,1.0,5,19954.6259765625,3594.7069766242826,36107.794921875,11596.265913884654,7.247437983751297,1.8779553308624513,0.20484799741191875,0.044936017714950434
60,TGCN_C1_GATED_IMPROVED,18,128,0.0,0.0001,0.0001,0.85,8,,8,1.0,5,16773.5755859375,3101.0776360036184,31540.159375,11252.393006598055,5.817706137895584,0.8718235371479033,0.17426819700127488,0.047488516515992736
61,TGCN_C1_GATED_IMPROVED,12,128,0.0,0.0001,0.0,0.85,8,60.0,8,1.0,5,18304.8423828125,2759.519144717474,34254.27734375,11890.129005902223,6.51198610663414,1.2663177509201626,0.18836825888224426,0.039607672511172365
62,TGCN_C1_GATED_IMPROVED,18,128,0.0,0.0001,0.0,0.85,8,60.0,8,1.0,5,19081.6216796875,4052.756407666936,34146.4734375,10926.457003155829,6.9179679453372955,1.8696822103500281,0.1970357590949161,0.051018411589125394
63,TGCN_C1_GATED_IMPROVED,12,128,0.0,0.0001,0.0001,0.85,8,60.0,8,1.0,5,18883.8103515625,3447.031630877304,35265.644921875,11976.80976772928,6.713161692023277,1.6363089472311934,0.19455105275831325,0.04516661176909404
64,TGCN_C1_GATED_IMPROVED,18,128,0.0,0.0001,0.0001,0.85,8,60.0,8,1.0,5,18505.2607421875,2948.6014469329475,31726.733984375,9460.60584328142,6.610510274767876,1.2287193290878478,0.19207250926846803,0.04616328564887947
65,TGCN_C1_GATED_IMPROVED,12,256,0.0,0.001,0.0,0.85,8,,8,1.0,5,19777.4693359375,3977.269809682036,42087.108984375,15964.569854770472,6.538741961121559,1.8581705649029383,0.2036655176364856,0.04734257079089504
66,TGCN_C1_GATED_IMPROVED,18,256,0.0,0.001,0.0,0.85,8,,8,1.0,5,19134.5876953125,3400.495501816529,38608.858984375,12030.415735022265,6.429890692234039,1.6678499483643237,0.19650682039408807,0.03983006787448206
67,TGCN_C1_GATED_IMPROVED,12,256,0.0,0.001,0.0001,0.85,8,,8,1.0,5,20267.2279296875,4535.644042843727,43873.203125,16524.16539626873,6.565272957086563,2.116805920144609,0.20774662317922754,0.04722973610048471
68,TGCN_C1_GATED_IMPROVED,18,256,0.0,0.001,0.0001,0.85,8,,8,1.0,5,20509.426171875,4705.19384032613,40348.152734375,11380.639605856059,6.889607384800911,1.9289068745263263,0.20910607400565717,0.047301695947651295
69,TGCN_C1_GATED_IMPROVED,12,256,0.0,0.001,0.0,0.85,8,60.0,8,1.0,5,21699.159375,5926.631046213392,48612.082421875,23822.207532885994,6.752071231603622,1.9277339843684012,0.2240926911751556,0.06982613369687835
70,TGCN_C1_GATED_IMPROVED,18,256,0.0,0.001,0.0,0.85,8,60.0,8,1.0,5,20305.6556640625,3951.387634550803,40526.36015625,12611.16173580548,6.803709343075752,1.8412874222482238,0.20761497425281245,0.04017734357637675
71,TGCN_C1_GATED_IMPROVED,12,256,0.0,0.001,0.0001,0.85,8,60.0,8,1.0,5,19600.7169921875,3580.4781192641217,41902.325390625,15662.817913153021,6.29875622689724,1.4879307157791466,0.20158831203317518,0.04375289356581341
72,TGCN_C1_GATED_IMPROVED,18,256,0.0,0.001,0.0001,0.85,8,60.0,8,1.0,5,19892.412890625,3942.7033824166947,42484.038671875,13646.836947565473,6.293925493955612,1.485638322956312,0.2041615430400551,0.044573135082012987
73,TGCN_C1_GATED_IMPROVED,12,256,0.0,0.0005,0.0,0.85,8,,8,1.0,5,19675.701171875,2944.229642146632,40774.85,15619.679471959585,6.597315743565559,1.3417789622053065,0.20217285165979795,0.039973271701192616
74,TGCN_C1_GATED_IMPROVED,18,256,0.0,0.0005,0.0,0.85,8,,8,1.0,5,20303.4283203125,4223.845744523726,45135.739453125,18304.869790471374,6.337773874402046,1.5043922295525916,0.20886946036190707,0.052305748944611034
75,TGCN_C1_GATED_IMPROVED,12,256,0.0,0.0005,0.0001,0.85,8,,8,1.0,5,20566.2376953125,5078.232551879445,45499.49296875,21022.241481421544,6.557391285896301,1.8487134877377185,0.21293188241389682,0.06045338842403973
76,TGCN_C1_GATED_IMPROVED,18,256,0.0,0.0005,0.0001,0.85,8,,8,1.0,5,20835.3556640625,4716.897109389192,41238.25234375,13322.42311050595,6.940778270363808,2.1265421992118423,0.21290129552839265,0.04740005344506443
77,TGCN_C1_GATED_IMPROVED,12,256,0.0,0.0005,0.0,0.85,8,60.0,8,1.0,5,20569.33671875,4136.853257813394,42861.319921875,17452.82944921379,6.785429865121841,1.7788841344668873,0.21156779902495154,0.05005618486383063
78,TGCN_C1_GATED_IMPROVED,18,256,0.0,0.0005,0.0,0.85,8,60.0,8,1.0,5,20061.9064453125,4611.407933338027,40615.407421875,12107.185275703558,6.592738479375839,1.8206367417322211,0.20471600341797083,0.04612354215972862
79,TGCN_C1_GATED_IMPROVED,12,256,0.0,0.0005,0.0001,0.85,8,60.0,8,1.0,5,20622.742578125,4055.6704738062963,44595.61953125,19468.356801958795,6.719976291060448,1.68579215641074,0.21347498560985917,0.0548336898249755
80,TGCN_C1_GATED_IMPROVED,18,256,0.0,0.0005,0.0001,0.85,8,60.0,8,1.0,5,20096.3453125,3731.168229970744,41988.384765625,15501.15595788292,6.530180051922798,1.562503821928915,0.20607959223546488,0.04301655556009698
81,TGCN_C1_GATED_IMPROVED,12,256,0.0,0.0003,0.0,0.85,8,,8,1.0,5,20029.121484375,4014.1431733495738,42738.490234375,16965.947909465212,6.636053770780563,1.6490854110209665,0.20631206488118595,0.049012326633774785
82,TGCN_C1_GATED_IMPROVED,18,256,0.0,0.0003,0.0,0.85,8,,8,1.0,5,19692.536328125,3339.903081444533,40717.526953125,16618.08970264757,6.6237712651491165,1.6065654109120378,0.20290866649408992,0.04564004142656626
83,TGCN_C1_GATED_IMPROVED,12,256,0.0,0.0003,0.0001,0.85,8,,8,1.0,5,20631.3953125,3857.08185005298,42620.7046875,15463.428560886807,6.946970149874687,1.7865663861957461,0.21144880966341267,0.043003857604535775
84,TGCN_C1_GATED_IMPROVED,18,256,0.0,0.0003,0.0001,0.85,8,,8,1.0,5,18837.0181640625,3055.7923012929405,38892.183203125,14356.52261214684,6.3356272876262665,1.369550589950439,0.19370772958815546,0.04019882392903047
85,TGCN_C1_GATED_IMPROVED,12,256,0.0,0.0003,0.0,0.85,8,60.0,8,1.0,5,19483.585546875,3699.890489961991,41776.395703125,17584.181615746205,6.415829211473465,1.450837260521929,0.20132472582652688,0.05092935255831771
86,TGCN_C1_GATED_IMPROVED,18,256,0.0,0.0003,0.0,0.85,8,60.0,8,1.0,5,20671.71328125,3751.027177060311,40182.295703125,13693.83269353399,7.082491889595985,1.7623231747369275,0.21140346568541224,0.040814922046929346
87,TGCN_C1_GATED_IMPROVED,12,256,0.0,0.0003,0.0001,0.85,8,60.0,8,1.0,5,18992.7244140625,2923.203469233524,42302.321484375,18598.793708509776,6.176164522767067,1.090918236384909,0.19745802041784355,0.04832272389422581
88,TGCN_C1_GATED_IMPROVED,18,256,0.0,0.0003,0.0001,0.85,8,60.0,8,1.0,5,19071.0201171875,3625.807982872817,40100.366796875,16222.425946665831,6.34525254368782,1.7111155200725043,0.19728205404584223,0.049004350586664636
89,TGCN_C1_GATED_IMPROVED,12,256,0.0,0.0001,0.0,0.85,8,,8,1.0,5,18801.5640625,3723.9449768283603,38348.990625,16935.606051204555,6.503842771053314,1.6697241335197128,0.19533797612236875,0.0524827509392366
90,TGCN_C1_GATED_IMPROVED,18,256,0.0,0.0001,0.0,0.85,8,,8,1.0,5,18264.38828125,2832.6531657197756,36979.74765625,15225.219550410502,6.2880028039216995,1.2503347232459088,0.18896397691448463,0.04443024677242401
91,TGCN_C1_GATED_IMPROVED,12,256,0.0,0.0001,0.0001,0.85,8,,8,1.0,5,17813.250390625,3588.707208144401,36527.44140625,16844.00195544849,6.077945977449417,1.1553468026012292,0.18569448105545552,0.054548448278397714
92,TGCN_C1_GATED_IMPROVED,18,256,0.0,0.0001,0.0001,0.85,8,,8,1.0,5,19388.50625,3897.9908248901816,36587.893359375,12424.796652298206,6.839637607336044,1.8241912277301044,0.19991952302250388,0.04894890076686799
93,TGCN_C1_GATED_IMPROVED,12,256,0.0,0.0001,0.0,0.85,8,60.0,8,1.0,5,19260.000390625,4732.209378615668,38388.48828125,16663.82217982913,6.738145798444748,2.212531424142464,0.2000266098688122,0.05994438160430148
94,TGCN_C1_GATED_IMPROVED,18,256,0.0,0.0001,0.0,0.85,8,60.0,8,1.0,5,18776.1421875,3634.2100974463883,38752.8828125,16955.756446130064,6.368632763624191,1.569546489945321,0.1943019768994765,0.05059933947141038
95,TGCN_C1_GATED_IMPROVED,12,256,0.0,0.0001,0.0001,0.85,8,60.0,8,1.0,5,17360.926171875,3353.915769513509,36877.87421875,18381.470984938762,5.880214497447014,1.048604433090243,0.18165657560450596,0.05420181382786976
96,TGCN_C1_GATED_IMPROVED,18,256,0.0,0.0001,0.0001,0.85,8,60.0,8,1.0,5,19068.286328125,3549.011460038775,38148.696875,15085.45022476972,6.539284959435463,1.6633783031624032,0.19704507110934397,0.048656265811990784
97,TGCN_C1_GATED_IMPROVED,12,64,0.2,0.001,0.0,0.85,8,,8,1.0,5,19684.19921875,4032.6410031124074,35537.9171875,8906.649122638046,7.086266577243805,1.96591741639367,0.201932182232055,0.04535236413844792
98,TGCN_C1_GATED_IMPROVED,18,64,0.2,0.001,0.0,0.85,8,,8,1.0,5,20123.4333984375,4341.107584059081,36397.631640625,12108.765229913679,7.052696421742439,1.6590888026894124,0.20661071933678882,0.04654896841314147
99,TGCN_C1_GATED_IMPROVED,12,64,0.2,0.001,0.0001,0.85,8,,8,1.0,5,19122.9150390625,3522.0870052462164,36579.85703125,11831.08920816862,6.617926135659218,1.4948181367468703,0.19675320165893279,0.044379817869240286
100,TGCN_C1_GATED_IMPROVED,18,64,0.2,0.001,0.0001,0.85,8,,8,1.0,5,18864.790625,2966.590430513148,33879.51328125,11341.925178696574,6.595617458224297,0.8731771464316752,0.19571284797238464,0.04702158198639144
101,TGCN_C1_GATED_IMPROVED,12,64,0.2,0.001,0.0,0.85,8,60.0,8,1.0,5,19662.7802734375,3583.4834331707,37132.51171875,13412.545985668236,6.91045917570591,1.559370165495211,0.20222547439230767,0.046205706950693815
102,TGCN_C1_GATED_IMPROVED,18,64,0.2,0.001,0.0,0.85,8,60.0,8,1.0,5,20429.196875,3868.422048782594,35088.155078125,9827.107360643557,7.3371269553899765,1.6228050348211702,0.2100600208351076,0.04540471638658238
103,TGCN_C1_GATED_IMPROVED,12,64,0.2,0.001,0.0001,0.85,8,60.0,8,1.0,5,20360.4107421875,4138.619108853436,38927.46328125,11038.206259985971,7.077326327562332,1.776612322236687,0.207186289563078,0.040897177605746834
104,TGCN_C1_GATED_IMPROVED,18,64,0.2,0.001,0.0001,0.85,8,60.0,8,1.0,5,19703.8302734375,4618.207324645971,36610.516796875,13138.014571083782,6.778075769543648,1.8180032666286592,0.2036062605170637,0.05783720230339663
105,TGCN_C1_GATED_IMPROVED,12,64,0.2,0.0005,0.0,0.85,8,,8,1.0,5,20284.0638671875,4199.7378075812685,37118.46171875,11512.155144179127,7.281520217657089,1.8772063637039984,0.20713081144472248,0.04456782222327249
106,TGCN_C1_GATED_IMPROVED,18,64,0.2,0.0005,0.0,0.85,8,,8,1.0,5,18134.36171875,3002.7475663146183,31630.568359375,8124.8269794594235,6.519226655364037,1.320113061779752,0.1882014059017248,0.04566711206415674
107,TGCN_C1_GATED_IMPROVED,12,64,0.2,0.0005,0.0001,0.85,8,,8,1.0,5,19530.130078125,3923.2884710141184,37019.461328125,11083.871424138999,6.914141774177551,1.730141388268642,0.2006205050511531,0.04754240068425753
108,TGCN_C1_GATED_IMPROVED,18,64,0.2,0.0005,0.0001,0.85,8,,8,1.0,5,19148.39765625,3471.8056323674746,32926.42265625,8931.122679247213,6.901214495301247,1.3634084523652616,0.19827726453353833,0.047697162614059874
109,TGCN_C1_GATED_IMPROVED,12,64,0.2,0.0005,0.0,0.85,8,60.0,8,1.0,5,19555.9626953125,4661.153882456192,35789.79140625,10060.483242419918,7.041073441505432,2.149812172767549,0.2011453245643886,0.05485400983202788
110,TGCN_C1_GATED_IMPROVED,18,64,0.2,0.0005,0.0,0.85,8,60.0,8,1.0,5,18355.6705078125,3687.0328455117465,33443.48515625,10150.54816484776,6.5707577764987946,1.531207327653887,0.19008592616970335,0.050339347671082016
111,TGCN_C1_GATED_IMPROVED,12,64,0.2,0.0005,0.0001,0.85,8,60.0,8,1.0,5,19391.20703125,5698.585295479863,35425.38125,10507.921476550768,6.913009509444237,2.517134912267758,0.20061515481580994,0.06483050993924298
112,TGCN_C1_GATED_IMPROVED,18,64,0.2,0.0005,0.0001,0.85,8,60.0,8,1.0,5,20448.044140625,3807.6530865510413,34551.89765625,8998.829899016777,7.19253845512867,1.471814081925189,0.2102002611842324,0.04381533804468534
113,TGCN_C1_GATED_IMPROVED,12,64,0.2,0.0003,0.0,0.85,8,,8,1.0,5,18591.08984375,4000.6805748557963,33879.39375,10597.043202626428,6.5848346799612045,1.667378512070854,0.19230644682260847,0.05208271138713471
114,TGCN_C1_GATED_IMPROVED,18,64,0.2,0.0003,0.0,0.85,8,,8,1.0,5,19781.259765625,2516.871146132401,31356.855078125,6511.7740294147125,7.2156041115522385,1.0729832739700287,0.20502684952414282,0.04404535913325031
115,TGCN_C1_GATED_IMPROVED,12,64,0.2,0.0003,0.0001,0.85,8,,8,1.0,5,16470.45625,2938.341065754976,30719.633203125,10882.879729498378,5.830519497394562,0.9232473423159818,0.17092129865686387,0.04505188677249578
116,TGCN_C1_GATED_IMPROVED,18,64,0.2,0.0003,0.0001,0.85,8,,8,1.0,5,17703.6771484375,2150.3934626277683,29158.751171875,8341.189265940267,6.45276241004467,0.5358165388085645,0.18376483434101462,0.04219880538472279
117,TGCN_C1_GATED_IMPROVED,12,64,0.2,0.0003,0.0,0.85,8,60.0,8,1.0,5,20757.6810546875,5292.911958923866,35446.02421875,8682.476609862268,7.671668082475662,2.4498217488870035,0.21285917948454883,0.05937510716078313
118,TGCN_C1_GATED_IMPROVED,18,64,0.2,0.0003,0.0,0.85,8,60.0,8,1.0,5,19171.2197265625,3946.9693800053324,30911.291796875,8453.32749630393,7.0337992161512375,1.6260204139479457,0.19994299264365414,0.05699209243102674
119,TGCN_C1_GATED_IMPROVED,12,64,0.2,0.0003,0.0001,0.85,8,60.0,8,1.0,5,18218.7546875,4528.440043721677,33183.7734375,10358.716575425933,6.547861248254776,1.9792852576738866,0.18909493155764076,0.05746397723392671
120,TGCN_C1_GATED_IMPROVED,18,64,0.2,0.0003,0.0001,0.85,8,60.0,8,1.0,5,20525.0427734375,5683.804034276326,34677.401953125,9409.73648346495,7.482332140207291,2.478704296070317,0.2123852475151204,0.06566496420724395
121,TGCN_C1_GATED_IMPROVED,12,64,0.2,0.0001,0.0,0.85,8,,8,1.0,5,18990.9095703125,2343.458994308004,30985.4859375,7484.428700660709,7.039467617869377,0.9447647120591722,0.1958010817390913,0.03908586881957654
122,TGCN_C1_GATED_IMPROVED,18,64,0.2,0.0001,0.0,0.85,8,,8,1.0,5,20385.690625,1809.1549781558979,31678.822265625,4418.716645714815,7.610700353980064,1.1732023241092315,0.20811042106283434,0.02249470716737388
123,TGCN_C1_GATED_IMPROVED,12,64,0.2,0.0001,0.0001,0.85,8,,8,1.0,5,20442.360546875,4001.8430027614672,31908.80078125,6802.771950252083,7.60138675570488,1.705123431208972,0.2108056913488376,0.052192281258722155
124,TGCN_C1_GATED_IMPROVED,18,64,0.2,0.0001,0.0001,0.85,8,,8,1.0,5,18967.0005859375,3062.045781301954,29509.498828125,6662.5497313681035,6.897827908396721,1.246419808266539,0.19787510027703575,0.050492297656684296
125,TGCN_C1_GATED_IMPROVED,12,64,0.2,0.0001,0.0,0.85,8,60.0,8,1.0,5,18442.6892578125,2918.121630626989,29451.647265625,5995.703787690555,6.790102943778038,1.280681868379638,0.19068767120861146,0.04397883397541444
126,TGCN_C1_GATED_IMPROVED,18,64,0.2,0.0001,0.0,0.85,8,60.0,8,1.0,5,20502.023828125,2618.0517109249326,32745.271875,8697.76117404343,7.568751275539398,1.3323285863506633,0.21004962969550336,0.03536656704185694
127,TGCN_C1_GATED_IMPROVED,12,64,0.2,0.0001,0.0001,0.85,8,60.0,8,1.0,5,21263.9287109375,4030.5549642149717,33489.728125,6171.342703999373,7.9142821580171585,1.8154364291461988,0.2163241852619707,0.03826036258973455
128,TGCN_C1_GATED_IMPROVED,18,64,0.2,0.0001,0.0001,0.85,8,60.0,8,1.0,5,19384.250390625,2899.2427566813885,30333.67265625,6335.3372741220965,7.119011208415031,1.2102682627219,0.20139958076694345,0.04826967263434893
129,TGCN_C1_GATED_IMPROVED,12,128,0.2,0.001,0.0,0.85,8,,8,1.0,5,20850.9193359375,5345.374979161425,41156.875,12864.116952580069,7.061552479863167,2.2765958604703727,0.21275129726178185,0.0518826962841219
130,TGCN_C1_GATED_IMPROVED,18,128,0.2,0.001,0.0,0.85,8,,8,1.0,5,19364.676171875,3810.731379739884,39514.4421875,14811.51522123269,6.394751965999603,1.4213836403741729,0.19900853467287236,0.046390417498396716
131,TGCN_C1_GATED_IMPROVED,12,128,0.2,0.001,0.0001,0.85,8,,8,1.0,5,20872.5244140625,4748.680222892976,42295.168359375,13824.543518225084,6.942074298858643,1.916774343704327,0.2129800542107423,0.047645161113147975
132,TGCN_C1_GATED_IMPROVED,18,128,0.2,0.001,0.0001,0.85,8,,8,1.0,5,20175.3662109375,4245.633165391438,40335.764453125,13706.061670412566,6.666374579071999,1.988311617289535,0.20662053732085864,0.04744494535725631
133,TGCN_C1_GATED_IMPROVED,12,128,0.2,0.001,0.0,0.85,8,60.0,8,1.0,5,20263.9970703125,4045.373551742869,41781.57578125,13752.90757504865,6.773336082696915,1.8617580738541235,0.20790423332074165,0.045965110956112824
134,TGCN_C1_GATED_IMPROVED,18,128,0.2,0.001,0.0,0.85,8,60.0,8,1.0,5,20181.157421875,4268.78622393806,43107.11171875,15164.07464102598,6.584104001522064,1.7581247613775748,0.2071826099438457,0.04942154250664268
135,TGCN_C1_GATED_IMPROVED,12,128,0.2,0.001,0.0001,0.85,8,60.0,8,1.0,5,19962.4384765625,3915.538473065595,41362.227734375,14234.918517135355,6.691920459270477,2.0167936913079454,0.20546995895396628,0.04781973729191829
136,TGCN_C1_GATED_IMPROVED,18,128,0.2,0.001,0.0001,0.85,8,60.0,8,1.0,5,20537.2974609375,4892.508920196511,41074.90234375,14635.901576047301,6.933644339442253,2.1765557198864447,0.2107887590815786,0.05391389195028917
137,TGCN_C1_GATED_IMPROVED,12,128,0.2,0.0005,0.0,0.85,8,,8,1.0,5,18373.437109375,3654.0891400011915,38755.49453125,15922.458173316138,6.239721104502678,1.516340249014071,0.19069383165580556,0.051376634033486177
138,TGCN_C1_GATED_IMPROVED,18,128,0.2,0.0005,0.0,0.85,8,,8,1.0,5,19333.7650390625,3818.481898212851,38880.741796875,12506.508099075189,6.551995202898979,1.6390705390098081,0.19895067473073105,0.04660616777952305
139,TGCN_C1_GATED_IMPROVED,12,128,0.2,0.0005,0.0001,0.85,8,,8,1.0,5,19003.7697265625,3301.8553168322355,38021.494140625,13504.133383102353,6.555849760770798,1.6038612580332212,0.1959840141573245,0.044434921987703824
140,TGCN_C1_GATED_IMPROVED,18,128,0.2,0.0005,0.0001,0.85,8,,8,1.0,5,18352.989453125,3777.076861821055,35606.6859375,14814.006739443306,6.322645843029022,1.338165928223303,0.19116057552023277,0.05493642895643257
141,TGCN_C1_GATED_IMPROVED,12,128,0.2,0.0005,0.0,0.85,8,60.0,8,1.0,5,19550.259375,2569.509134812798,38265.27578125,13110.719219836657,6.7781224101781845,1.4297470374855974,0.1998410692638367,0.030950610315612494
142,TGCN_C1_GATED_IMPROVED,18,128,0.2,0.0005,0.0,0.85,8,60.0,8,1.0,5,20167.4630859375,3945.646861512591,37458.4796875,12002.3678700108,7.011064812541008,1.7329580118338705,0.20713697252974433,0.04490113174320367
143,TGCN_C1_GATED_IMPROVED,12,128,0.2,0.0005,0.0001,0.85,8,60.0,8,1.0,5,19294.1625,3345.4611403399012,37900.389453125,12067.63381815895,6.6567013412714005,1.4999752090983662,0.1983011916440907,0.042509214842027146
144,TGCN_C1_GATED_IMPROVED,18,128,0.2,0.0005,0.0001,0.85,8,60.0,8,1.0,5,19822.5640625,3118.127552577127,36887.750390625,12817.240968746475,6.949221417307854,1.277279645718186,0.2042385697259872,0.044325848963012594
145,TGCN_C1_GATED_IMPROVED,12,128,0.2,0.0003,0.0,0.85,8,,8,1.0,5,19994.766015625,4872.708415461231,38761.55546875,12405.417342073295,6.987026035785675,2.2540851586358577,0.20597112190473355,0.05654863568340063
146,TGCN_C1_GATED_IMPROVED,18,128,0.2,0.0003,0.0,0.85,8,,8,1.0,5,20519.544921875,3787.530190224358,36721.0734375,10814.539097253257,7.330457121133804,1.8083768505985562,0.21067757031611034,0.046757748495966936
147,TGCN_C1_GATED_IMPROVED,12,128,0.2,0.0003,0.0001,0.85,8,,8,1.0,5,18806.874609375,3791.961866639165,38044.129296875,14403.828436323443,6.4376817643642426,1.6913272758526767,0.19477993216503503,0.05046334603092188
148,TGCN_C1_GATED_IMPROVED,18,128,0.2,0.0003,0.0001,0.85,8,,8,1.0,5,17804.934765625,2539.465300305121,33878.751171875,12314.803326369673,6.122851595282555,0.6925416737038487,0.1851289802462028,0.04513290492006286
149,TGCN_C1_GATED_IMPROVED,12,128,0.2,0.0003,0.0,0.85,8,60.0,8,1.0,5,19003.811328125,4235.333034078471,36742.437109375,13222.605796378042,6.711470261216164,1.8183012447162488,0.19671740737259252,0.05455142849143574
150,TGCN_C1_GATED_IMPROVED,18,128,0.2,0.0003,0.0,0.85,8,60.0,8,1.0,5,20057.7767578125,4770.0959054271925,38167.98046875,13459.016818183261,7.044255807995796,2.2540002214518884,0.20640408222866552,0.05621077795808788
151,TGCN_C1_GATED_IMPROVED,12,128,0.2,0.0003,0.0001,0.85,8,60.0,8,1.0,5,18002.1935546875,3440.2945973999467,34883.9625,12327.01685316945,6.3171713799238205,1.3599290252125644,0.18641893379854,0.048691229588119465
152,TGCN_C1_GATED_IMPROVED,18,128,0.2,0.0003,0.0001,0.85,8,60.0,8,1.0,5,19099.08125,3878.678372346448,36004.00234375,12261.997217964512,6.6595809161663055,1.8164692533357325,0.19665735646401133,0.04885187636229394
153,TGCN_C1_GATED_IMPROVED,12,128,0.2,0.0001,0.0,0.85,8,,8,1.0,5,18342.96015625,3325.8968060130287,35757.07578125,13778.58050239078,6.392284408211708,1.172027878982319,0.1892460458393824,0.04711452146917444
154,TGCN_C1_GATED_IMPROVED,18,128,0.2,0.0001,0.0,0.85,8,,8,1.0,5,19804.281640625,3798.2195416688046,33618.70546875,7780.305591091165,7.185980901122093,1.7318174026712096,0.20377878210497924,0.04682084371009455
155,TGCN_C1_GATED_IMPROVED,12,128,0.2,0.0001,0.0001,0.85,8,,8,1.0,5,18209.1833984375,3210.753776858784,35520.686328125,13667.185205444666,6.404665037989616,1.2949909997571738,0.18874566105016996,0.04753514796400329
156,TGCN_C1_GATED_IMPROVED,18,128,0.2,0.0001,0.0001,0.85,8,,8,1.0,5,19340.0369140625,4160.067310852514,34561.03984375,10229.155334294961,6.833917051553726,1.7861266493168606,0.20006571364236744,0.051750830974461044
157,TGCN_C1_GATED_IMPROVED,12,128,0.2,0.0001,0.0,0.85,8,60.0,8,1.0,5,18415.937109375,3405.2832074376356,35256.025390625,12743.138170055156,6.547648087143898,1.522463425511376,0.1909697389112976,0.04868715070596598
158,TGCN_C1_GATED_IMPROVED,18,128,0.2,0.0001,0.0,0.85,8,60.0,8,1.0,5,19022.21640625,2231.2602928661595,32324.650390625,9047.606317586711,6.8638016283512115,0.9189376630829001,0.19600050299119137,0.037890122700374285
159,TGCN_C1_GATED_IMPROVED,12,128,0.2,0.0001,0.0001,0.85,8,60.0,8,1.0,5,19201.38203125,4349.50638028012,36544.7140625,13732.611771392201,6.746305450797081,1.905557716187518,0.19903848319959072,0.05606737777798911
160,TGCN_C1_GATED_IMPROVED,18,128,0.2,0.0001,0.0001,0.85,8,60.0,8,1.0,5,18809.971875,3911.450710092444,34224.251171875,12545.785688357231,6.650951132178307,1.6326954201717192,0.19538705047241806,0.0538393450299434
161,TGCN_C1_GATED_IMPROVED,12,256,0.2,0.001,0.0,0.85,8,,8,1.0,5,19639.6619140625,3715.7581586427973,41502.965234375,17138.38161894459,6.489598378539085,1.7739857674304484,0.20322477723645588,0.04823402862167927
162,TGCN_C1_GATED_IMPROVED,18,256,0.2,0.001,0.0,0.85,8,,8,1.0,5,20032.325390625,3424.5233202412956,42561.317578125,14097.513883769887,6.5013587474823,1.4297484821941886,0.20553897040492877,0.04319738401726783
163,TGCN_C1_GATED_IMPROVED,12,256,0.2,0.001,0.0001,0.85,8,,8,1.0,5,20297.6439453125,4170.842956912012,45269.155078125,19185.27863171493,6.443793326616287,1.7461837999928966,0.2096455255756732,0.05084337430172265
164,TGCN_C1_GATED_IMPROVED,18,256,0.2,0.001,0.0001,0.85,8,,8,1.0,5,19610.3064453125,3506.1978360722596,38841.771484375,15387.908976351599,6.816474720835686,1.5930289375532782,0.20260701923712698,0.04906649003607989
165,TGCN_C1_GATED_IMPROVED,12,256,0.2,0.001,0.0,0.85,8,60.0,8,1.0,5,21227.797265625,4736.906208012398,45048.087890625,16360.15747112717,6.992471069097519,2.26322492952422,0.21732525696062077,0.04814523342231102
166,TGCN_C1_GATED_IMPROVED,18,256,0.2,0.001,0.0,0.85,8,60.0,8,1.0,5,19765.577734375,3771.490043479656,39806.680859375,15958.356167286607,6.681662499904633,1.555935683272412,0.2035817108112245,0.046372313737169414
167,TGCN_C1_GATED_IMPROVED,12,256,0.2,0.001,0.0001,0.85,8,60.0,8,1.0,5,22529.3029296875,5036.679766923927,50732.646875,24033.188439512807,6.9595252722501755,1.8956258107124448,0.23275633579571062,0.06333568860343611
168,TGCN_C1_GATED_IMPROVED,18,256,0.2,0.001,0.0001,0.85,8,60.0,8,1.0,5,19995.965234375,3991.7623816163145,42467.757421875,15900.230393499272,6.417474001646042,1.5618200372348123,0.205502655144738,0.04846853019054657
169,TGCN_C1_GATED_IMPROVED,12,256,0.2,0.0005,0.0,0.85,8,,8,1.0,5,22020.520703125,4725.859446117339,48925.023046875,21884.499426522147,6.935868039727211,1.8926508211621376,0.22733999841121694,0.05874965202245553
170,TGCN_C1_GATED_IMPROVED,18,256,0.2,0.0005,0.0,0.85,8,,8,1.0,5,18922.0046875,3094.752617264838,39724.433203125,14985.031502103402,6.225111931562424,1.2550243490785171,0.19522749651034593,0.044066041677295026
171,TGCN_C1_GATED_IMPROVED,12,256,0.2,0.0005,0.0001,0.85,8,,8,1.0,5,20293.2197265625,4036.406157611962,42780.085546875,15665.569810722602,6.766698807477951,1.7525574008793934,0.2091481245657229,0.04834180056847785
172,TGCN_C1_GATED_IMPROVED,18,256,0.2,0.0005,0.0001,0.85,8,,8,1.0,5,20119.255078125,4035.9338946465773,43762.048046875,16905.010459467183,6.4696186780929565,1.6801995633831208,0.206803642937157,0.047623278153769565
173,TGCN_C1_GATED_IMPROVED,12,256,0.2,0.0005,0.0,0.85,8,60.0,8,1.0,5,19648.61953125,3453.712306644087,42532.437109375,18024.32163489546,6.448309421539307,1.5083970124240726,0.20281748426094323,0.04715095049091575
174,TGCN_C1_GATED_IMPROVED,18,256,0.2,0.0005,0.0,0.85,8,60.0,8,1.0,5,19643.5705078125,4418.439403359738,42060.43359375,17175.3609130631,6.29859134554863,1.531341395574769,0.20283798253271595,0.054432455684703805
175,TGCN_C1_GATED_IMPROVED,12,256,0.2,0.0005,0.0001,0.85,8,60.0,8,1.0,5,20903.2591796875,5530.704536427409,46076.208984375,21014.675511788624,6.675831899046898,2.0694246498813125,0.21625770663250038,0.0644582547942298
176,TGCN_C1_GATED_IMPROVED,18,256,0.2,0.0005,0.0001,0.85,8,60.0,8,1.0,5,20072.412890625,4598.947371320465,43408.89453125,18676.77390338347,6.436840742826462,1.7396607623886728,0.20710964484268515,0.05537650729896584
177,TGCN_C1_GATED_IMPROVED,12,256,0.2,0.0003,0.0,0.85,8,,8,1.0,5,20741.5494140625,3853.3425718738285,43216.741015625,17836.365777736013,6.95248156785965,1.6471227040532912,0.2130226331289929,0.047125918439115594
178,TGCN_C1_GATED_IMPROVED,18,256,0.2,0.0003,0.0,0.85,8,,8,1.0,5,18411.9052734375,2941.290028512582,39084.16875,16077.021807722802,6.089043617248535,1.1432792057865564,0.19032504794924163,0.04454477540772667
179,TGCN_C1_GATED_IMPROVED,12,256,0.2,0.0003,0.0001,0.85,8,,8,1.0,5,20113.4958984375,3880.202740285899,43461.478515625,18980.354428086765,6.597831174731255,1.5828701377931484,0.20805199328336604,0.05172200875995625
180,TGCN_C1_GATED_IMPROVED,18,256,0.2,0.0003,0.0001,0.85,8,,8,1.0,5,18844.4419921875,3086.8854539889285,40291.616796875,16360.23445972351,6.168130338191986,1.1890840742224156,0.1947752879619649,0.045893803888956766
181,TGCN_C1_GATED_IMPROVED,12,256,0.2,0.0003,0.0,0.85,8,60.0,8,1.0,5,19248.0923828125,2905.842033104748,40510.76015625,16085.96869345882,6.4636654406785965,1.311986418247315,0.19877592526635526,0.04363488090041968
182,TGCN_C1_GATED_IMPROVED,18,256,0.2,0.0003,0.0,0.85,8,60.0,8,1.0,5,19841.85703125,3999.136763276821,41743.601953125,17361.10851164617,6.568007916212082,1.6551128863429345,0.20472713939148912,0.051225465405092076
183,TGCN_C1_GATED_IMPROVED,12,256,0.2,0.0003,0.0001,0.85,8,60.0,8,1.0,5,19577.4775390625,3695.929175257088,44312.98125,20039.109642311243,6.189358606934547,1.1144440756589509,0.20363486789302782,0.055307605856498264
184,TGCN_C1_GATED_IMPROVED,18,256,0.2,0.0003,0.0001,0.85,8,60.0,8,1.0,5,19423.7365234375,3335.425108594582,40417.119140625,15929.612380289906,6.435562819242477,1.4923461821236363,0.20039384470634078,0.04588823414685596
185,TGCN_C1_GATED_IMPROVED,12,256,0.2,0.0001,0.0,0.85,8,,8,1.0,5,20131.4595703125,3330.2858675877565,41181.91015625,17254.063220488097,6.9802213460206985,1.6016337379142715,0.20819339472906728,0.04742353013097176
186,TGCN_C1_GATED_IMPROVED,18,256,0.2,0.0001,0.0,0.85,8,,8,1.0,5,18645.783984375,3243.863831312641,38321.69921875,16389.073964285726,6.319358646869659,1.3987682351712927,0.19271369029681829,0.047025878029035816
187,TGCN_C1_GATED_IMPROVED,12,256,0.2,0.0001,0.0001,0.85,8,,8,1.0,5,19115.14375,3092.225867105557,38726.1515625,16644.128918134444,6.601901575922966,1.5544222384788686,0.19829488755267,0.047227444157534056
188,TGCN_C1_GATED_IMPROVED,18,256,0.2,0.0001,0.0001,0.85,8,,8,1.0,5,19351.4650390625,3657.2323526632654,40024.756640625,17646.66445293207,6.472033187747002,1.5376826496193858,0.20054389601857583,0.051310237761115214
189,TGCN_C1_GATED_IMPROVED,12,256,0.2,0.0001,0.0,0.85,8,60.0,8,1.0,5,19360.395703125,4061.7381362049323,39186.526171875,16764.24030049916,6.752534508705139,1.922771683268227,0.20079640882465638,0.054196627764595315
190,TGCN_C1_GATED_IMPROVED,18,256,0.2,0.0001,0.0,0.85,8,60.0,8,1.0,5,19119.2361328125,3423.9114321630213,37922.56875,16376.766431561718,6.602073907852173,1.5399913839561656,0.19753711553951753,0.048659177058186516
191,TGCN_C1_GATED_IMPROVED,12,256,0.2,0.0001,0.0001,0.85,8,60.0,8,1.0,5,19653.2546875,3443.6654513787475,40915.59921875,18013.226153713487,6.711376905441284,1.7480336741699032,0.2036502814826775,0.04952426754959212
192,TGCN_C1_GATED_IMPROVED,18,256,0.2,0.0001,0.0001,0.85,8,60.0,8,1.0,5,18623.830078125,3087.8713636130988,37074.159375,15102.44101675955,6.3711017370224,1.1110420048739245,0.19320944978085697,0.048218376017377926
193,TGCN_C1_GATED_IMPROVED,12,64,0.3,0.001,0.0,0.85,8,,8,1.0,5,19514.4880859375,4042.214071675494,36774.211328125,11128.698770448282,6.844940185546875,1.7992976086475025,0.19996411653352603,0.04435555120568116
194,TGCN_C1_GATED_IMPROVED,18,64,0.3,0.001,0.0,0.85,8,,8,1.0,5,18988.52109375,3305.5170299193815,34410.0546875,11705.960107926465,6.762917637825012,1.265115935365434,0.19703072862015653,0.04911934840416565
195,TGCN_C1_GATED_IMPROVED,12,64,0.3,0.001,0.0001,0.85,8,,8,1.0,5,18648.7865234375,3875.883610118161,36692.91953125,12711.597058900466,6.343487352132797,1.463540208501651,0.1928220121980691,0.051381049266749565
196,TGCN_C1_GATED_IMPROVED,18,64,0.3,0.001,0.0001,0.85,8,,8,1.0,5,20146.8630859375,3406.3087351536133,34661.220703125,9839.95961396722,7.325777038931847,1.5538120263184985,0.20773149258600707,0.0448505943700523
197,TGCN_C1_GATED_IMPROVED,12,64,0.3,0.001,0.0,0.85,8,60.0,8,1.0,5,19501.549609375,4216.534212339013,37071.14453125,11617.41975169991,6.789462640881538,1.8196659097118886,0.20043396986194928,0.0490839465682508
198,TGCN_C1_GATED_IMPROVED,18,64,0.3,0.001,0.0,0.85,8,60.0,8,1.0,5,19708.1767578125,3877.0000446358936,33763.981640625,10014.094039496056,7.155396491289139,1.5250732238844946,0.20446086651365897,0.05370128675702978
199,TGCN_C1_GATED_IMPROVED,12,64,0.3,0.001,0.0001,0.85,8,60.0,8,1.0,5,18315.248828125,3501.1982751855357,35558.74296875,12048.281950208337,6.395726054906845,1.51479352595582,0.18949743039685343,0.04793601659134496
200,TGCN_C1_GATED_IMPROVED,18,64,0.3,0.001,0.0001,0.85,8,60.0,8,1.0,5,20080.7537109375,3500.427302199396,34247.380078125,8848.89943989591,7.245055139064789,1.5436308937886447,0.2066260317600345,0.04316265147326773
201,TGCN_C1_GATED_IMPROVED,12,64,0.3,0.0005,0.0,0.85,8,,8,1.0,5,19441.6431640625,4837.492113065282,34711.745703125,10288.3667145155,6.990001201629639,2.1523395721470933,0.20121531803182333,0.0596099520292567
202,TGCN_C1_GATED_IMPROVED,18,64,0.3,0.0005,0.0,0.85,8,,8,1.0,5,19572.2369140625,3833.382105632467,32433.153125,7865.765123175776,7.195507511496544,1.7504838333017478,0.2022954593897893,0.049905253980253146
203,TGCN_C1_GATED_IMPROVED,12,64,0.3,0.0005,0.0001,0.85,8,,8,1.0,5,18687.0064453125,4434.196249052669,34023.083984375,10172.710216424231,6.646992266178131,1.9008296971659742,0.19358631692897624,0.05574992813618293
204,TGCN_C1_GATED_IMPROVED,18,64,0.3,0.0005,0.0001,0.85,8,,8,1.0,5,19622.9623046875,3778.6610238298317,33687.61015625,9313.586173584192,7.103866264224052,1.5789903311213775,0.20300596806738755,0.05047917316507156
205,TGCN_C1_GATED_IMPROVED,12,64,0.3,0.0005,0.0,0.85,8,60.0,8,1.0,5,18048.4306640625,3794.6907174784333,32685.248828125,10017.436049031456,6.465442627668381,1.5241335536109368,0.18704671182630542,0.05080471034601034
206,TGCN_C1_GATED_IMPROVED,18,64,0.3,0.0005,0.0,0.85,8,60.0,8,1.0,5,19738.781640625,3822.9531197012975,35099.756640625,9416.526252039665,7.008946985006332,1.5825165224633202,0.20398753950700804,0.04940593607070019
207,TGCN_C1_GATED_IMPROVED,12,64,0.3,0.0005,0.0001,0.85,8,60.0,8,1.0,5,18743.178515625,4682.335264619762,34771.896875,12116.23661632384,6.662227511405945,1.9411635274170178,0.19493702853037917,0.06047421443906307
208,TGCN_C1_GATED_IMPROVED,18,64,0.3,0.0005,0.0001,0.85,8,60.0,8,1.0,5,19319.51484375,3582.119728657079,33745.080859375,10504.641546504643,6.869689375162125,1.3181051025977293,0.20080803689722554,0.0524833145290803
209,TGCN_C1_GATED_IMPROVED,12,64,0.3,0.0003,0.0,0.85,8,,8,1.0,5,19538.730859375,4508.061280448829,33773.584765625,9755.714720769074,7.155497446656227,2.051309302921892,0.20148590637009672,0.055148250366417184
210,TGCN_C1_GATED_IMPROVED,18,64,0.3,0.0003,0.0,0.85,8,,8,1.0,5,20097.3546875,4125.017116035296,31842.784375,6347.324840611656,7.436515316367149,2.050484687734287,0.20640887845282122,0.04769296618262858
211,TGCN_C1_GATED_IMPROVED,12,64,0.3,0.0003,0.0001,0.85,8,,8,1.0,5,18761.93671875,3942.554468925875,33187.03359375,9252.786917040561,6.744736209511757,1.5654610704990786,0.19402588515086652,0.05185223535784854
212,TGCN_C1_GATED_IMPROVED,18,64,0.3,0.0003,0.0001,0.85,8,,8,1.0,5,20723.242578125,4940.19516901798,33715.3484375,8367.43079322085,7.589231878519058,2.2304334230344347,0.21422903751829944,0.058956041852559836
213,TGCN_C1_GATED_IMPROVED,12,64,0.3,0.0003,0.0,0.85,8,60.0,8,1.0,5,19426.7435546875,4331.510720980121,32694.015234375,11847.540261189775,6.9603415578603745,1.5064598049154037,0.20300531895428361,0.06083314184564135
214,TGCN_C1_GATED_IMPROVED,18,64,0.3,0.0003,0.0,0.85,8,60.0,8,1.0,5,19580.5669921875,3901.092537308023,33364.878515625,8957.071088162538,7.111899107694626,1.7042992730500413,0.20284648796610255,0.0521233151083222
215,TGCN_C1_GATED_IMPROVED,12,64,0.3,0.0003,0.0001,0.85,8,60.0,8,1.0,5,18033.4359375,3627.1522318917023,32835.703125,10008.179026978176,6.464924216270447,1.5132261364174144,0.18676241642778643,0.05043436462539293
216,TGCN_C1_GATED_IMPROVED,18,64,0.3,0.0003,0.0001,0.85,8,60.0,8,1.0,5,19192.1162109375,2947.5302247435347,30648.185546875,8615.48002874311,6.962636411190033,1.3082264638135555,0.19991135753428585,0.0494695061977364
217,TGCN_C1_GATED_IMPROVED,12,64,0.3,0.0001,0.0,0.85,8,,8,1.0,5,20788.404296875,4436.633481684008,33888.88515625,6770.020717229025,7.645651549100876,1.982352872958437,0.21363134161570657,0.051440137552704046
218,TGCN_C1_GATED_IMPROVED,18,64,0.3,0.0001,0.0,0.85,8,,8,1.0,5,18283.566796875,3071.5506681689517,30706.89765625,9248.706381269943,6.605485156178474,0.9464143140082678,0.18902268272183628,0.04619194211871835
219,TGCN_C1_GATED_IMPROVED,12,64,0.3,0.0001,0.0001,0.85,8,,8,1.0,5,21003.634375,2645.689627684432,33580.424609375,7427.356024050625,7.757953703403473,1.2521121714077175,0.21425565671237679,0.03133341058344096
220,TGCN_C1_GATED_IMPROVED,18,64,0.3,0.0001,0.0001,0.85,8,,8,1.0,5,20788.459375,2060.8311380689843,31389.3890625,5172.798420149907,7.705091908574104,1.0258189508439837,0.21364671109131642,0.035391138068762235
221,TGCN_C1_GATED_IMPROVED,12,64,0.3,0.0001,0.0,0.85,8,60.0,8,1.0,5,20375.5328125,3684.9977076251116,32072.576953125,5511.021222788856,7.592234760522842,1.7090372444763893,0.20953828595528307,0.04631492451933146
222,TGCN_C1_GATED_IMPROVED,18,64,0.3,0.0001,0.0,0.85,8,60.0,8,1.0,5,19812.4109375,4533.293802807405,31295.691796875,7312.249512376308,7.257387265563011,1.953125706230148,0.2061141454543284,0.059116367306332414
223,TGCN_C1_GATED_IMPROVED,12,64,0.3,0.0001,0.0001,0.85,8,60.0,8,1.0,5,20490.38359375,3734.928390345225,32945.81953125,7295.981254969806,7.519652098417282,1.5300574088599421,0.21092693758145487,0.049064326053276715
224,TGCN_C1_GATED_IMPROVED,18,64,0.3,0.0001,0.0001,0.85,8,60.0,8,1.0,5,19707.845703125,2567.511866604164,32239.472265625,8373.495503248361,7.2805143147706985,1.0766080384222265,0.20350523330690334,0.04240274639847516
225,TGCN_C1_GATED_IMPROVED,12,128,0.3,0.001,0.0,0.85,8,,8,1.0,5,19133.4564453125,3889.1760365422215,38848.42890625,12883.579305297968,6.460738778114319,1.8091499959032764,0.19687952522030122,0.04592538662583005
226,TGCN_C1_GATED_IMPROVED,18,128,0.3,0.001,0.0,0.85,8,,8,1.0,5,19900.5623046875,4429.216022247333,40157.095703125,13564.760395867976,6.586369276046753,1.7746284606995666,0.20433318150759963,0.049639406820225995
227,TGCN_C1_GATED_IMPROVED,12,128,0.3,0.001,0.0001,0.85,8,,8,1.0,5,20763.375,4726.650042750718,43152.246484375,14762.714055040278,6.82701550424099,1.8141393876870868,0.21199413151193874,0.04740540874051217
228,TGCN_C1_GATED_IMPROVED,18,128,0.3,0.001,0.0001,0.85,8,,8,1.0,5,19634.9966796875,4494.075227586688,40082.126171875,14328.27844747949,6.4462219923734665,1.7353690875691745,0.2012807959680615,0.048436675870002395
229,TGCN_C1_GATED_IMPROVED,12,128,0.3,0.001,0.0,0.85,8,60.0,8,1.0,5,19753.79375,4264.085109605155,42232.521875,15749.230094202365,6.464571729302406,1.7841431040026021,0.20359924592881348,0.05193916803912419
230,TGCN_C1_GATED_IMPROVED,18,128,0.3,0.001,0.0,0.85,8,60.0,8,1.0,5,20304.08359375,4108.360977407959,41580.40390625,15117.975378416006,6.8129754066467285,1.7654535326521847,0.20826945178037856,0.04735244012513205
231,TGCN_C1_GATED_IMPROVED,12,128,0.3,0.001,0.0001,0.85,8,60.0,8,1.0,5,20384.458984375,4502.83949661692,41898.338671875,16106.685644828216,6.842109337449074,1.9161346276883857,0.20999277299274244,0.05445730872605828
232,TGCN_C1_GATED_IMPROVED,18,128,0.3,0.001,0.0001,0.85,8,60.0,8,1.0,5,19736.7958984375,3952.4650405305756,40095.860546875,13789.981260273264,6.6076600551605225,1.6100557492928613,0.2026508931784779,0.04689292786905555
233,TGCN_C1_GATED_IMPROVED,12,128,0.3,0.0005,0.0,0.85,8,,8,1.0,5,19166.1333984375,3540.884098419223,39371.090234375,14301.226515084147,6.567116007208824,1.5833458343901026,0.19757900111492285,0.04652021304260849
234,TGCN_C1_GATED_IMPROVED,18,128,0.3,0.0005,0.0,0.85,8,,8,1.0,5,20257.4875,5789.374696152034,39778.311328125,14062.737441056073,6.928078308701515,2.56738454826288,0.20863741502077088,0.0629290411351048
235,TGCN_C1_GATED_IMPROVED,12,128,0.3,0.0005,0.0001,0.85,8,,8,1.0,5,19206.7474609375,3744.734441971663,39495.3015625,16002.168337692743,6.49755522608757,1.5229357465581397,0.19871208081517466,0.05140212142576295
236,TGCN_C1_GATED_IMPROVED,18,128,0.3,0.0005,0.0001,0.85,8,,8,1.0,5,19793.6748046875,3541.042677380461,36647.793359375,11751.239391602176,6.895136758685112,1.3722644038610472,0.20364771121469488,0.04379270173568976
237,TGCN_C1_GATED_IMPROVED,12,128,0.3,0.0005,0.0,0.85,8,60.0,8,1.0,5,20833.6158203125,4799.234238740944,41751.683203125,14559.89705779052,7.064837887883186,2.1434550452922774,0.2133733546425014,0.05030228144310397
238,TGCN_C1_GATED_IMPROVED,18,128,0.3,0.0005,0.0,0.85,8,60.0,8,1.0,5,19509.3564453125,4148.744722124761,37890.028515625,12137.482018319704,6.752643212676048,1.8126544068742017,0.1997922363724461,0.04476550098657584
239,TGCN_C1_GATED_IMPROVED,12,128,0.3,0.0005,0.0001,0.85,8,60.0,8,1.0,5,20546.8458984375,4742.831589606218,40160.55703125,12113.657849482182,7.100387886166573,2.181226770218986,0.2103708407543849,0.04977052304457097
240,TGCN_C1_GATED_IMPROVED,18,128,0.3,0.0005,0.0001,0.85,8,60.0,8,1.0,5,18558.6171875,3706.433698305144,35209.190625,12379.665904399237,6.367313414812088,1.423360865448397,0.19215971889660344,0.050199006436732495
241,TGCN_C1_GATED_IMPROVED,12,128,0.3,0.0003,0.0,0.85,8,,8,1.0,5,19386.9140625,3304.072338658806,38531.401171875,14554.07983610421,6.751773431897163,1.4473052129700383,0.20006855552618222,0.0467529852494454
242,TGCN_C1_GATED_IMPROVED,18,128,0.3,0.0003,0.0,0.85,8,,8,1.0,5,18642.4443359375,3030.6686387883738,36300.17109375,12968.133826445794,6.365473419427872,0.7009439377497713,0.19317501336076598,0.048021755347638216
243,TGCN_C1_GATED_IMPROVED,12,128,0.3,0.0003,0.0001,0.85,8,,8,1.0,5,17873.572265625,3423.260761539262,35550.417578125,13868.694175944089,6.180344894528389,1.4049785463454991,0.18580944564706975,0.050411863675153684
244,TGCN_C1_GATED_IMPROVED,18,128,0.3,0.0003,0.0001,0.85,8,,8,1.0,5,19200.444140625,3524.9339310637965,35573.3234375,11492.007513170518,6.756057068705559,1.5981298218489821,0.1980852433653011,0.04739521449076221
245,TGCN_C1_GATED_IMPROVED,12,128,0.3,0.0003,0.0,0.85,8,60.0,8,1.0,5,18040.46328125,3355.5904249952077,36587.06171875,14835.357034897674,6.171301677823067,1.3650317902494542,0.1867766948851387,0.047946862044934625
246,TGCN_C1_GATED_IMPROVED,18,128,0.3,0.0003,0.0,0.85,8,60.0,8,1.0,5,17993.837890625,2820.3664793431826,34509.737890625,13375.172534009682,6.264510899782181,0.9478546879349451,0.18662980591803052,0.04536766780627871
247,TGCN_C1_GATED_IMPROVED,12,128,0.3,0.0003,0.0001,0.85,8,60.0,8,1.0,5,18624.1412109375,4164.544801120802,36222.880859375,11981.637901038916,6.463830694556236,1.8478077648743703,0.19272781122904875,0.05306459039777355
248,TGCN_C1_GATED_IMPROVED,18,128,0.3,0.0003,0.0001,0.85,8,60.0,8,1.0,5,18600.4359375,3567.2971082309564,37909.260546875,15317.240899907214,6.255367025732994,1.1864878435986443,0.19241625433047468,0.05049906919843242
249,TGCN_C1_GATED_IMPROVED,12,128,0.3,0.0001,0.0,0.85,8,,8,1.0,5,17834.7041015625,3354.0409843703414,35339.267578125,13073.21609647255,6.230439320206642,1.3199698531184365,0.18453789485167926,0.04606454789984951
250,TGCN_C1_GATED_IMPROVED,18,128,0.3,0.0001,0.0,0.85,8,,8,1.0,5,18916.9240234375,2646.790348592425,32632.45078125,8536.561009970892,6.871522665023804,1.151338450845284,0.19537445080688345,0.04156292385888962
251,TGCN_C1_GATED_IMPROVED,12,128,0.3,0.0001,0.0001,0.85,8,,8,1.0,5,19069.5671875,2973.557848796636,37344.31875,13529.243968607892,6.663234159350395,1.32503578164847,0.19657936567411197,0.0424080312919915
252,TGCN_C1_GATED_IMPROVED,18,128,0.3,0.0001,0.0001,0.85,8,,8,1.0,5,19857.89296875,4680.179101941864,34300.020703125,10288.518528242981,7.06200897693634,1.9434347123598597,0.20550581338244606,0.057432157853502155
253,TGCN_C1_GATED_IMPROVED,12,128,0.3,0.0001,0.0,0.85,8,60.0,8,1.0,5,18101.426953125,3113.4246732009447,35083.55859375,12521.94088972556,6.398712918162346,1.367024748208962,0.18741188988657792,0.044869430199430994
254,TGCN_C1_GATED_IMPROVED,18,128,0.3,0.0001,0.0,0.85,8,60.0,8,1.0,5,18458.5390625,2130.2990663315904,31268.179296875,9107.7850833881,6.710744649171829,0.9489241306616831,0.19098197927587152,0.0396328833088459
255,TGCN_C1_GATED_IMPROVED,12,128,0.3,0.0001,0.0001,0.85,8,60.0,8,1.0,5,18369.634375,3248.5994532851882,34634.705859375,12229.099308734825,6.48489885032177,1.339793453873671,0.1900205451319234,0.04726403889515163
256,TGCN_C1_GATED_IMPROVED,18,128,0.3,0.0001,0.0001,0.85,8,60.0,8,1.0,5,18846.2908203125,2681.0277166731953,33759.84375,9834.97930355561,6.648323833942413,1.0480465403013075,0.19428553928061898,0.04016552175944183
257,TGCN_C1_GATED_IMPROVED,12,256,0.3,0.001,0.0,0.85,8,,8,1.0,5,20490.896484375,4157.387810530823,42971.0515625,16254.225916581638,6.787461638450623,1.9125680742436793,0.21104920619484963,0.04868186820791474
258,TGCN_C1_GATED_IMPROVED,18,256,0.3,0.001,0.0,0.85,8,,8,1.0,5,20407.930859375,4293.448614292872,42436.482421875,16200.410747094997,6.725939363241196,1.9265238503604158,0.20918592448516932,0.04769895638760495
259,TGCN_C1_GATED_IMPROVED,12,256,0.3,0.001,0.0001,0.85,8,,8,1.0,5,20649.7712890625,3876.0925363318756,43533.30390625,17090.420417859885,6.77173413336277,1.675070673479688,0.21224072923596937,0.046300729106886436
260,TGCN_C1_GATED_IMPROVED,18,256,0.3,0.001,0.0001,0.85,8,,8,1.0,5,19926.21171875,3996.714539059365,41301.883984375,14674.694374224548,6.591644659638405,1.7883202833502323,0.20507175233828528,0.04818880439403312
261,TGCN_C1_GATED_IMPROVED,12,256,0.3,0.001,0.0,0.85,8,60.0,8,1.0,5,20904.6021484375,4214.976088689294,42969.873046875,15561.226466079017,6.949093788862228,1.89143513777713,0.21396514221607665,0.04574773480957275
262,TGCN_C1_GATED_IMPROVED,18,256,0.3,0.001,0.0,0.85,8,60.0,8,1.0,5,21905.6267578125,5879.802615522185,48190.181640625,23581.697258588847,6.699744910001755,1.8201067995932882,0.22612595641807282,0.07167427346019423
263,TGCN_C1_GATED_IMPROVED,12,256,0.3,0.001,0.0001,0.85,8,60.0,8,1.0,5,21280.6056640625,4516.648043420728,44958.82890625,16999.5628208179,6.920358240604401,1.9156346814056262,0.21885130147724535,0.05233185123866593
264,TGCN_C1_GATED_IMPROVED,18,256,0.3,0.001,0.0001,0.85,8,60.0,8,1.0,5,20333.5337890625,4279.475923189361,42825.705859375,16257.534065528156,6.477538123726845,1.8168881366758773,0.2086403597042866,0.04760859334434865
265,TGCN_C1_GATED_IMPROVED,12,256,0.3,0.0005,0.0,0.85,8,,8,1.0,5,20396.6291015625,3825.269861540221,44357.65390625,18667.359472384927,6.62314385175705,1.7117074460209234,0.21084682431744878,0.05063980570159618
266,TGCN_C1_GATED_IMPROVED,18,256,0.3,0.0005,0.0,0.85,8,,8,1.0,5,19537.5890625,3566.872781857159,43133.216015625,18993.25243754383,6.112049072980881,1.1279933503727397,0.20201340867865464,0.05025037300809907
267,TGCN_C1_GATED_IMPROVED,12,256,0.3,0.0005,0.0001,0.85,8,,8,1.0,5,21088.61015625,4909.663205468514,44774.73984375,16946.026055864866,6.852178871631622,2.1339533758678986,0.2168275778864704,0.053921102680586516
268,TGCN_C1_GATED_IMPROVED,18,256,0.3,0.0005,0.0001,0.85,8,,8,1.0,5,20334.056640625,3779.1541469267227,43302.940234375,16179.517701045523,6.607010290026665,1.8090632430011946,0.2090471000483604,0.044871942871371535
269,TGCN_C1_GATED_IMPROVED,12,256,0.3,0.0005,0.0,0.85,8,60.0,8,1.0,5,20504.7484375,3845.2941418704604,44422.572265625,18043.62121582,6.734296455979347,1.6167253501974306,0.2113156862188938,0.04893154132200754
270,TGCN_C1_GATED_IMPROVED,18,256,0.3,0.0005,0.0,0.85,8,60.0,8,1.0,5,20302.3837890625,3711.4482076700206,42093.318359375,17179.710917781456,6.667846962809563,1.5161685153747144,0.208281894586798,0.04472866219513311
271,TGCN_C1_GATED_IMPROVED,12,256,0.3,0.0005,0.0001,0.85,8,60.0,8,1.0,5,20328.4412109375,3937.5897817731384,43146.909375,18347.759522133812,6.80127426981926,1.8111697211415412,0.2097346664524944,0.04974174227517482
272,TGCN_C1_GATED_IMPROVED,18,256,0.3,0.0005,0.0001,0.85,8,60.0,8,1.0,5,19017.861328125,3658.3262984223443,41965.130078125,18266.989315903105,6.109599620103836,1.2561297428451907,0.1965423225065376,0.05017750500298235
273,TGCN_C1_GATED_IMPROVED,12,256,0.3,0.0003,0.0,0.85,8,,8,1.0,5,19085.3388671875,3641.06287154145,40216.261328125,17045.664300838296,6.433771178126335,1.5799254539979501,0.19790330336964954,0.05094862656447507
274,TGCN_C1_GATED_IMPROVED,18,256,0.3,0.0003,0.0,0.85,8,,8,1.0,5,20104.2412109375,4189.6502807553725,41418.521484375,15603.575286544157,6.624455377459526,1.693643206338683,0.20618705819890168,0.047874769123144235
275,TGCN_C1_GATED_IMPROVED,12,256,0.3,0.0003,0.0001,0.85,8,,8,1.0,5,19887.2693359375,3178.971125739629,42169.10390625,17558.515149633557,6.685335785150528,1.5473629753300175,0.20536594977824177,0.04474141650650156
276,TGCN_C1_GATED_IMPROVED,18,256,0.3,0.0003,0.0001,0.85,8,,8,1.0,5,20006.5763671875,3807.0043174578086,43612.979296875,18804.867613949104,6.482665166258812,1.429656942052072,0.20613901221773978,0.04946758305513494
277,TGCN_C1_GATED_IMPROVED,12,256,0.3,0.0003,0.0,0.85,8,60.0,8,1.0,5,20981.3794921875,4355.558536168228,43446.05859375,17290.243638596454,7.066151648759842,2.110018447737311,0.2162103658661648,0.0519910231841621
278,TGCN_C1_GATED_IMPROVED,18,256,0.3,0.0003,0.0,0.85,8,60.0,8,1.0,5,20305.310546875,4168.583526017013,42639.8171875,17537.869328587316,6.7567916959524155,1.6921524822273675,0.20899581911898663,0.05173289783622477
279,TGCN_C1_GATED_IMPROVED,12,256,0.3,0.0003,0.0001,0.85,8,60.0,8,1.0,5,19705.844921875,3813.7180408417967,43074.356640625,19300.312365803835,6.47468164563179,1.5997030607227558,0.20457174130893646,0.053896218263902694
280,TGCN_C1_GATED_IMPROVED,18,256,0.3,0.0003,0.0001,0.85,8,60.0,8,1.0,5,20519.0177734375,4000.6827973400627,41626.985546875,15391.12891366735,6.901250258088112,1.7505258995753525,0.21024595767256377,0.04548774899616059
281,TGCN_C1_GATED_IMPROVED,12,256,0.3,0.0001,0.0,0.85,8,,8,1.0,5,18741.6201171875,3466.2758054270275,40053.118359375,18646.998844011454,6.351884305477142,1.483776023641186,0.19539610364627297,0.052630135015255285
282,TGCN_C1_GATED_IMPROVED,18,256,0.3,0.0001,0.0,0.85,8,,8,1.0,5,18074.7201171875,3397.623781105727,37819.334765625,15911.375180311827,6.052944511175156,1.2687604607302476,0.18778996066554246,0.050071660100467506
283,TGCN_C1_GATED_IMPROVED,12,256,0.3,0.0001,0.0001,0.85,8,,8,1.0,5,19509.852734375,3208.9064658008565,40334.261328125,17879.54849103631,6.666401028633118,1.3635762110132845,0.20224703172802022,0.048916450910128285
284,TGCN_C1_GATED_IMPROVED,18,256,0.3,0.0001,0.0001,0.85,8,,8,1.0,5,18398.5806640625,2670.4291129319495,37329.196875,15849.851690883523,6.274601444602013,1.0163264852699767,0.19080464409342385,0.044820881147125506
285,TGCN_C1_GATED_IMPROVED,12,256,0.3,0.0001,0.0,0.85,8,60.0,8,1.0,5,18241.6048828125,3592.1714197115975,37679.16796875,16636.353473856536,6.248437091708183,1.479401521449174,0.18985268570413225,0.052626501410260956
286,TGCN_C1_GATED_IMPROVED,18,256,0.3,0.0001,0.0,0.85,8,60.0,8,1.0,5,18576.2583984375,3659.4463005061916,37924.02890625,15758.229809109895,6.304031312465668,1.6208568805254964,0.19254885829215507,0.05090171893217276
287,TGCN_C1_GATED_IMPROVED,12,256,0.3,0.0001,0.0001,0.85,8,60.0,8,1.0,5,19627.091015625,5209.766152374272,39498.284375,16736.348929614105,6.778121143579483,2.429918149418231,0.20404101385048024,0.06346093470278776
288,TGCN_C1_GATED_IMPROVED,18,256,0.3,0.0001,0.0001,0.85,8,60.0,8,1.0,5,18271.8103515625,2507.788248669978,35442.3390625,13133.918823301205,6.325269043445587,1.1976206673996566,0.18882019620622836,0.040470219714622994
