model_type,WINDOW,HIDDEN_DIM,DROPOUT,LR,WEIGHT_DECAY,GATE_INIT,K_DIST,SIGMA_KM,K_CORR,folds_used,MAE_mean,MAE_std,RMSE_mean,RMSE_std,sMAPE_mean,sMAPE_std,MASE_mean,MASE_std
TGCN_C1_GATED,12,128,0.0,0.001,0.0001,0.8,8,60.0,8,5,36830.715625,4010.10147845276,59236.553125,4503.950243742883,13.162822425365448,1.781024714531614,0.3754459918884881,0.04072754753437916
TGCN_C1_GATED,18,128,0.0,0.001,0.0001,0.8,8,60.0,8,5,37352.60703125,3649.535078790785,59886.1421875,4123.667246691414,13.402435183525085,1.232358118183422,0.3808362202195944,0.04010883653926827
TGCN_C1_GATED,12,64,0.0,0.001,0.0001,0.8,8,60.0,8,5,36777.57578125,2896.0810857291976,60002.41640625,2959.8877243817956,12.99214631319046,0.978746384320794,0.3765156837668589,0.048740893152254244
TGCN_C1_GATED,18,64,0.0,0.001,0.0,0.8,8,60.0,8,5,38340.03125,3862.9558637514547,60609.84296875,3911.8370178849004,14.135634303092957,2.4361417704851243,0.3944717443686317,0.06997263866465675
TGCN_C1_GATED,18,64,0.0,0.001,0.0001,0.8,8,60.0,8,5,37718.71640625,3421.8123290463523,60782.46875,3686.1566313848216,13.694644123315811,1.9290067602171914,0.3859485287913708,0.050697728419147325
TGCN_C1_GATED,18,128,0.3,0.001,0.0,0.8,8,60.0,8,5,36984.87734375,4430.957284936863,60899.23125,4285.4826076522,13.176416903734207,2.113140777882492,0.3774940505526635,0.048192060875406034
TGCN_C1_GATED,18,128,0.0,0.001,0.0,0.8,8,60.0,8,5,38396.16328125,4986.834801462878,60917.91171875,6591.484046459695,13.89357477426529,2.2234747262853074,0.3910941272876343,0.049174340789254006
TGCN_C1_GATED,18,128,0.0,0.001,0.0,0.8,8,,8,5,39233.03359375,4565.630107020373,60923.965625,6023.894054499666,14.383454620838165,2.023959826740944,0.3993622935790403,0.04231015645593361
TGCN_C1_GATED,12,128,0.3,0.001,0.0,0.8,8,60.0,8,5,37008.53046875,3318.267073821516,61063.571875,4212.959323400819,13.161221295595169,1.6690024986881278,0.3805575224205119,0.06373169263535895
TGCN_C1_GATED,12,128,0.0,0.001,0.0001,0.8,8,,8,5,38380.8421875,3165.6520874186226,61135.0125,4099.52336275406,13.715430051088333,1.225743112088588,0.39314244458875997,0.05365732619621459
TGCN_C1_GATED,18,128,0.0,0.0005,0.0001,0.8,8,60.0,8,5,37452.5625,2739.237438380113,61167.58359375,2648.174369146008,13.200703412294388,1.0696279474502448,0.38343962793331726,0.047910064479016176
TGCN_C1_GATED,12,128,0.0,0.001,0.0,0.8,8,,8,5,39559.67890625,3970.4772226684236,61238.975,7065.562757478569,14.410445988178253,1.2644827681134068,0.4045000188856629,0.055560678367298534
TGCN_C1_GATED,12,128,0.3,0.001,0.0001,0.8,8,60.0,8,5,37460.36796875,3360.9939727405917,61334.11875,4258.282136225879,13.478024303913116,1.9032118615598437,0.3859472684361008,0.06906447776763365
TGCN_C1_GATED,12,128,0.0,0.001,0.0,0.8,8,60.0,8,5,39416.30234375,5166.945694661599,61452.7546875,6939.727622049271,14.322813600301743,2.15876574946468,0.4045478742616765,0.07766188630943383
TGCN_C1_GATED,18,128,0.3,0.001,0.0001,0.8,8,60.0,8,5,37233.108203125,3509.642171957926,61508.55,4817.579202460631,13.385345339775085,1.9144288506058005,0.38298481349070834,0.06643674744660966
TGCN_C1_GATED,12,128,0.0,0.0005,0.0,0.8,8,60.0,8,5,38563.5734375,3148.029544874319,61610.9828125,2476.421788683731,13.828386664390564,1.0155176185362231,0.3938536664266794,0.04231246797088622
TGCN_C1_GATED,12,64,0.3,0.001,0.0001,0.8,8,60.0,8,5,37062.416015625,4173.284410988544,61636.91328125,2907.1895358391203,13.326180875301361,2.1839179215883875,0.37756089212844796,0.040074945461414345
TGCN_C1_GATED,12,128,0.3,0.001,0.0001,0.8,8,,8,5,38221.77734375,3603.6139407760197,61688.41328125,3304.215744506572,13.66510808467865,1.567845152022773,0.3899412272155587,0.04043039499619271
TGCN_C1_GATED,18,128,0.0,0.001,0.0001,0.8,8,,8,5,39048.37109375,3456.2365619997227,61774.3421875,5795.071416366864,14.039419293403625,1.5857688519025281,0.40060790780704786,0.060809198266339126
TGCN_C1_GATED,18,64,0.0,0.001,0.0001,0.8,8,,8,5,39551.046875,3838.4181831205865,61818.93359375,3432.1400526311922,14.453231394290924,1.2925866079818826,0.4028559557553531,0.03732126066765317
TGCN_C1_GATED,12,128,0.3,0.0005,0.0001,0.8,8,60.0,8,5,38123.6875,3920.065598675448,61851.8015625,2963.354125299974,13.580819815397263,1.1945652488782275,0.38832791332658373,0.0391955981888531
TGCN_C1_GATED,12,128,0.3,0.001,0.0,0.8,8,,8,5,38452.50390625,2908.3462019843723,61915.453125,2653.3090972492546,13.779181838035583,1.1098953471397277,0.3931904120708139,0.04528565912615878
TGCN_C1_GATED,18,64,0.3,0.001,0.0001,0.8,8,60.0,8,5,37153.8765625,2731.8030943877247,61964.97421875,2239.77506986802,13.28537791967392,1.0403246266257224,0.3795730613843894,0.03905655517237312
TGCN_C1_GATED,12,64,0.0,0.001,0.0,0.8,8,60.0,8,5,38826.613671875,5007.588636668349,62097.89296875,6333.563406673896,13.817588686943054,2.3215253592739575,0.40259827802795034,0.09873428817553118
TGCN_C1_GATED,12,64,0.0,0.001,0.0,0.8,8,,8,5,39160.871875,2793.6238801497016,62297.4640625,3703.713066715163,14.093734323978424,1.2652304096579057,0.40152190844363655,0.055171040807748636
TGCN_C1_GATED,18,128,0.0,0.0005,0.0,0.8,8,60.0,8,5,38774.228125,3733.620785395617,62366.36875,3395.587958164547,13.976911306381226,1.4165895578096197,0.3947837983593323,0.03509764060709198
TGCN_C1_GATED,18,128,0.3,0.001,0.0001,0.8,8,,8,5,38847.13359375,3418.8809673906153,62449.734375,3468.503259459701,13.94546627998352,1.6177120137850474,0.39798399432100007,0.054825491117080696
TGCN_C1_GATED,18,128,0.3,0.001,0.0,0.8,8,,8,5,38855.21484375,4296.345522894965,62783.1796875,4375.560031020566,13.981782793998718,2.0231001656793484,0.39690379344567345,0.05092175590598947
TGCN_C1_GATED,18,64,0.0,0.001,0.0,0.8,8,,8,5,40254.675,4106.942123413522,62887.3140625,4034.6272599567224,14.846982955932617,2.3365668556785533,0.41233340890129444,0.06013707475053972
TGCN_C1_GATED,18,64,0.3,0.001,0.0,0.8,8,,8,5,37870.5921875,2322.9023301132056,63032.821875,1687.928709751357,13.33152323961258,0.630555466132667,0.3874894749270441,0.04292499759957564
TGCN_C1_GATED,12,128,0.0,0.0005,0.0001,0.8,8,,8,5,39069.196875,2243.0464662452064,63102.15625,2248.133314912048,13.819384574890137,0.7201364877041723,0.3999507175988338,0.045284757017990875
TGCN_C1_GATED,12,64,0.0,0.001,0.0001,0.8,8,,8,5,39694.39765625,2928.5226110813114,63144.07109375,3369.1928836602883,14.237954318523407,1.0038459741260104,0.40687609891068377,0.055001327194287915
TGCN_C1_GATED,18,64,0.3,0.001,0.0,0.8,8,60.0,8,5,38372.0953125,4597.03730491626,63509.54375,4472.684934432036,13.890771865844727,2.230696708338072,0.39229273873595416,0.05513855846436909
TGCN_C1_GATED,18,32,0.0,0.001,0.0,0.8,8,60.0,8,5,38270.17890625,3798.9809506730435,63530.6046875,2052.8173949009347,14.133058339357376,1.8644315429243048,0.3899385487189796,0.038569716815314355
TGCN_C1_GATED,12,128,0.3,0.0005,0.0,0.8,8,60.0,8,5,39234.7078125,4261.83765834873,63619.27890625,3863.557597928335,14.01209369301796,1.9293265146740077,0.4005208826591353,0.05070364745883091
TGCN_C1_GATED,12,64,0.3,0.001,0.0,0.8,8,60.0,8,5,38620.97734375,5701.6552697974585,63734.703125,5391.264739956216,14.066403061151505,3.206536319354966,0.39434752330567313,0.060652642606677194
TGCN_C1_GATED,18,128,0.3,0.0005,0.0001,0.8,8,60.0,8,5,38987.1546875,4180.991359162251,63754.6859375,4112.605620144543,14.132524728775024,2.120288049564258,0.3987949985936624,0.05616636104098312
TGCN_C1_GATED,18,64,0.3,0.001,0.0001,0.8,8,,8,5,38939.6796875,3568.143544140709,63822.0671875,2949.580796193782,13.956467807292938,1.746573762701956,0.3984733313252938,0.05166305307232598
TGCN_C1_GATED,12,128,0.0,0.0005,0.0001,0.8,8,60.0,8,5,39508.05546875,3641.330394118622,63950.421875,4572.228236737753,14.049896895885468,1.8847990581220886,0.40614043954407275,0.06926184432692006
TGCN_C1_GATED,18,32,0.0,0.001,0.0001,0.8,8,60.0,8,5,38503.4859375,3476.438635947083,64053.76796875,2763.04935296387,13.826026618480682,1.991408836315389,0.397299365195937,0.07693020350389021
TGCN_C1_GATED,12,64,0.3,0.001,0.0001,0.8,8,,8,5,39413.32265625,3371.7377064468465,64268.29140625,2792.2314865462804,14.187882244586945,1.4587643455623933,0.4027447255927572,0.04612798767483812
TGCN_C1_GATED,12,32,0.0,0.001,0.0,0.8,8,60.0,8,5,39484.1828125,4498.919849362596,64471.13046875,3818.8153870193173,14.53963652253151,2.1328610644830266,0.4052347135727268,0.07107116504122181
TGCN_C1_GATED,18,64,0.3,0.0005,0.0001,0.8,8,60.0,8,5,38506.771875,3431.6651374236585,64510.31640625,2592.0075281787385,13.73180702328682,1.2688970469923992,0.3933361278821457,0.04560282477162997
TGCN_C1_GATED,18,128,0.3,0.0005,0.0,0.8,8,60.0,8,5,39468.2796875,3937.8054860497027,64515.74375,4580.512064480917,14.214528203010559,1.8726769892523172,0.4043262728534221,0.061077756256140155
TGCN_C1_GATED,12,64,0.0,0.0005,0.0,0.8,8,60.0,8,5,38860.29453125,3308.05148486497,64594.47890625,2700.6599549319144,13.850018978118896,1.5745675562059243,0.3971223476364817,0.04611055474185839
TGCN_C1_GATED,18,128,0.3,0.0005,0.0,0.8,8,,8,5,40313.5640625,2509.903392081657,64610.03515625,3151.684541055098,14.561875462532043,0.885016077479364,0.41334244391966984,0.05473221726155162
TGCN_C1_GATED,18,64,0.0,0.0005,0.0001,0.8,8,60.0,8,5,39533.62734375,3701.111792007044,64622.19453125,2900.850223383172,14.221625179052353,1.4810171903200338,0.40353967235894694,0.04615739654278142
TGCN_C1_GATED,18,128,0.0,0.0005,0.0001,0.8,8,,8,5,40569.75078125,3167.495608877701,64817.715625,3502.856995322209,14.535617232322693,1.3252701682907797,0.4157371881234112,0.05720880432373331
TGCN_C1_GATED,12,128,0.3,0.0005,0.0001,0.8,8,,8,5,40105.84921875,3377.400447026558,64933.80703125,3817.9070838805155,14.413966238498688,1.6243901443557531,0.41084631438146113,0.05643373207269897
TGCN_C1_GATED,12,32,0.0,0.001,0.0,0.8,8,,8,5,38878.1578125,2131.4758952601824,65053.54453125,2759.1663240695357,13.892912566661835,0.8833599967316587,0.40031830909902083,0.06415838602433446
TGCN_C1_GATED,12,128,0.0,0.0005,0.0,0.8,8,,8,5,40762.84921875,3356.4238803647277,65072.02734375,4156.310473388181,14.567725360393524,1.4010552997195413,0.41837217818313255,0.06457555308611822
TGCN_C1_GATED,12,32,0.0,0.001,0.0001,0.8,8,60.0,8,5,39304.54609375,4604.280066389421,65096.56328125,2759.931168653147,14.500845223665237,2.9014706619606785,0.40215668990451137,0.058624270280307963
TGCN_C1_GATED,18,128,0.0,0.0005,0.0,0.8,8,,8,5,41865.3953125,3989.7622446787127,65115.87890625,3736.669930118312,15.365976393222809,1.675570406433948,0.42722641959167607,0.04865399624336439
TGCN_C1_GATED,12,64,0.3,0.001,0.0,0.8,8,,8,5,39891.5640625,3508.8127594859766,65196.67109375,3780.190759408458,14.477651715278625,1.527299828355197,0.40816029829230516,0.05361154197733773
TGCN_C1_GATED,18,64,0.0,0.0005,0.0,0.8,8,60.0,8,5,39702.7640625,3311.499824649116,65228.09296875,3016.3603429255636,14.192220270633698,1.155303249151373,0.40537788616175635,0.043726963958914664
TGCN_C1_GATED,12,32,0.3,0.001,0.0,0.8,8,60.0,8,5,37792.98515625,2639.6098973525263,65420.8875,1892.630213089968,13.345307558774948,1.2849420147205022,0.3881512696937523,0.056711395234799976
TGCN_C1_GATED,12,128,0.3,0.0005,0.0,0.8,8,,8,5,40336.15078125,2864.5507811062835,65453.36875,4048.7171103544038,14.443327188491821,1.4563727518446863,0.4148940217852964,0.06718559431214383
TGCN_C1_GATED,12,32,0.0,0.001,0.0001,0.8,8,,8,5,40343.76171875,3487.066856927905,65688.5875,2886.072847138349,14.629846513271332,1.5623621503605878,0.4138771744638864,0.06343183268202267
TGCN_C1_GATED,18,64,0.3,0.0005,0.0001,0.8,8,,8,5,39168.80078125,1837.4960481744947,65881.884375,2162.423230774994,13.819862306118011,1.0022534202981002,0.403324543544109,0.06367903638300278
TGCN_C1_GATED,18,128,0.3,0.0005,0.0001,0.8,8,,8,5,40858.34375,4009.4765780378348,65924.89921875,4460.368441744565,14.943199157714844,2.3484678484700283,0.41980872540075564,0.06959078797391702
TGCN_C1_GATED,12,64,0.3,0.0005,0.0,0.8,8,,8,5,39265.72578125,2655.169913967114,66041.87109375,2066.2389565432914,13.812089562416077,0.9190561265336664,0.4017691961392706,0.045835030769007065
TGCN_C1_GATED,12,32,0.3,0.001,0.0001,0.8,8,60.0,8,5,38383.78515625,4184.5139747812,66067.109375,5784.633140972803,13.620576113462448,2.1572921070657864,0.39795077351354385,0.09183057638031317
TGCN_C1_GATED,18,32,0.0,0.001,0.0,0.8,8,,8,5,41082.7234375,4038.800808974007,66153.74375,3174.0920360781715,15.171569287776947,2.2188288931509343,0.42212109474639237,0.07251236461869776
TGCN_C1_GATED,12,64,0.0,0.0005,0.0001,0.8,8,60.0,8,5,40455.83359375,4351.379934244397,66198.0390625,4061.0147609484698,14.438356757164001,2.0384264506621563,0.41509190591781986,0.06777570250540034
TGCN_C1_GATED,12,64,0.3,0.0005,0.0,0.8,8,60.0,8,5,40329.328125,4399.697443827576,66208.05703125,2994.4001114050566,14.586952775716782,1.8907525400128329,0.41051090812320173,0.04103945211180528
TGCN_C1_GATED,12,64,0.0,0.0005,0.0,0.8,8,,8,5,40683.53515625,3371.060656226067,66275.50234375,2537.7471382181047,14.540891349315643,1.0597924482880967,0.4155708515839412,0.0454171543178452
TGCN_C1_GATED,18,64,0.0,0.0005,0.0001,0.8,8,,8,5,40395.678125,2642.4022249852837,66283.90703125,2840.9548769966596,14.288972914218903,1.3824677299331036,0.4167139521696316,0.07454726962000988
TGCN_C1_GATED,12,64,0.3,0.0005,0.0001,0.8,8,60.0,8,5,40022.51015625,3553.741832809676,66603.41484375,3457.441979029718,14.282106459140778,1.3782475430398498,0.40992809865418856,0.05829075051288049
TGCN_C1_GATED,12,32,0.3,0.001,0.0001,0.8,8,,8,5,39173.196875,2323.2989921092462,66758.02734375,1960.6961958571578,13.839562833309174,1.2455599331308185,0.40303362985141866,0.06305892460191519
TGCN_C1_GATED,12,64,0.0,0.0005,0.0001,0.8,8,,8,5,40808.74453125,2532.440115865636,66918.93203125,2614.8738543484797,14.523943364620209,1.2088132851003546,0.419453562133017,0.06390670978996713
TGCN_C1_GATED,18,64,0.0,0.0005,0.0,0.8,8,,8,5,41228.13359375,3621.8306447453206,67016.79453125,2988.3547454765157,14.805819988250732,1.862709644605457,0.4219015516306969,0.054261338560599184
TGCN_C1_GATED,18,32,0.0,0.001,0.0001,0.8,8,,8,5,41113.1015625,3445.1931744119797,67051.26953125,3331.7803592182895,14.954786002635956,2.0267515232779507,0.42184229003549933,0.06266274091408049
TGCN_C1_GATED,18,64,0.3,0.0005,0.0,0.8,8,60.0,8,5,41129.859375,4241.771124907452,67401.4421875,3017.441485266423,14.83299508690834,2.089621980877536,0.41964213880715456,0.049269228770694916
TGCN_C1_GATED,12,64,0.3,0.0005,0.0001,0.8,8,,8,5,41111.84921875,3064.0183777953707,67445.83828125,2712.369018339494,14.663136899471283,1.0577817523908646,0.42091278285694217,0.053468818636233074
TGCN_C1_GATED,12,32,0.3,0.001,0.0,0.8,8,,8,5,39661.7546875,4669.671024613536,67503.6515625,3561.2450499476117,14.181404709815979,1.7291885347056393,0.40285654373173363,0.03341640805924802
TGCN_C1_GATED,18,32,0.3,0.001,0.0001,0.8,8,60.0,8,5,40236.95625,6468.301090663887,67828.85390625,5930.686219095365,14.8338483273983,3.5928774557836314,0.41148800859160434,0.07264410596500785
TGCN_C1_GATED,18,64,0.3,0.0005,0.0,0.8,8,,8,5,41181.9125,3231.2899492490865,68075.59453125,3607.5032385149702,14.717594981193542,1.7477628400002623,0.42554139557730924,0.08285565942300747
TGCN_C1_GATED,18,32,0.3,0.001,0.0001,0.8,8,,8,5,40626.4859375,3539.6117389573533,68269.928125,2896.700150170037,14.62824136018753,1.3976192205965046,0.41571412177406,0.054597163432259864
TGCN_C1_GATED,18,32,0.3,0.001,0.0,0.8,8,60.0,8,5,40095.11328125,5995.982999113079,68331.97734375,5909.387935156966,14.515026211738586,3.027586317959347,0.4092199892073438,0.06189290349004979
TGCN_C1_GATED,18,32,0.3,0.001,0.0,0.8,8,,8,5,42272.6203125,5286.162615981128,69927.1859375,4054.1479837634106,15.46982854604721,2.7189964387777366,0.43026983035958716,0.0493200778346789
TGCN_C1_GATED,12,32,0.0,0.0005,0.0001,0.8,8,60.0,8,5,40313.415625,2595.0071958921767,70678.165625,2419.9294215651094,14.329091310501099,1.0728111284425934,0.4136649541857002,0.05742525285837196
TGCN_C1_GATED,12,32,0.0,0.0005,0.0,0.8,8,,8,5,40027.1453125,1652.474843357958,70838.64375,2498.931958212817,14.056801199913025,0.6777429457824374,0.41072821515502855,0.051675057114834236
TGCN_C1_GATED,18,32,0.0,0.0005,0.0001,0.8,8,,8,5,40287.08984375,1850.5962261405946,71017.7875,2474.2254926169176,14.175293743610382,0.5198371065939128,0.41304284864105983,0.05008526494281741
TGCN_C1_GATED,18,32,0.0,0.0005,0.0001,0.8,8,60.0,8,5,39654.4453125,2717.835337216173,71054.98125,1867.7433061598904,14.01261180639267,0.9018748629669829,0.4058607098020451,0.048450069498585734
TGCN_C1_GATED,18,32,0.0,0.0005,0.0,0.8,8,60.0,8,5,39767.00390625,2456.175996143098,71183.425,1606.0393264884704,14.064370691776276,1.208417620799543,0.4079181280917151,0.05452697720509406
TGCN_C1_GATED,12,32,0.0,0.0005,0.0,0.8,8,60.0,8,5,40362.9375,1774.8834373537397,71257.33125,3050.8770155768007,14.250893592834473,1.4829354694966155,0.41767175135660894,0.07801292005369662
TGCN_C1_GATED,18,32,0.3,0.0005,0.0001,0.8,8,60.0,8,5,41076.615625,3559.252197364064,72037.9015625,2741.1966638437607,14.667195975780487,1.1226805826392767,0.4191741135804749,0.044178371805018296
TGCN_C1_GATED,18,32,0.0,0.0005,0.0,0.8,8,,8,5,42800.5703125,1173.2525516205083,72522.265625,2945.2490627908055,15.326813459396362,0.9707460934335862,0.440654539153796,0.06485791608721257
TGCN_C1_GATED,12,32,0.0,0.0005,0.0001,0.8,8,,8,5,41081.43828125,3252.2126531962986,72532.95,3338.4961930333898,14.48762446641922,1.0889036331752446,0.4208805425972854,0.05622313890090848
TGCN_C1_GATED,12,32,0.3,0.0005,0.0,0.8,8,,8,5,41674.52421875,2318.923851447269,72695.9890625,2333.37333652953,14.79659765958786,1.364150001561921,0.4297691701780832,0.07332654726713139
TGCN_C1_GATED,12,32,0.3,0.0005,0.0,0.8,8,60.0,8,5,41189.93671875,3507.3957677686553,73148.621875,2847.429336340781,14.518470168113708,1.716290906188586,0.42415246298289455,0.07490952637483536
TGCN_C1_GATED,12,32,0.3,0.0005,0.0001,0.8,8,,8,5,41196.3609375,3184.4267775223484,73595.590625,2020.8888397200087,14.62152898311615,1.271631774321961,0.42149852199939114,0.050446513543024714
TGCN_C1_GATED,18,32,0.3,0.0005,0.0,0.8,8,60.0,8,5,43283.69609375,3409.604197522197,73734.1484375,2211.0636569020458,15.668742060661316,1.9817394978678922,0.4457720420909113,0.07363030911838703
TGCN_C1_GATED,12,32,0.3,0.0005,0.0001,0.8,8,60.0,8,5,42078.1390625,5771.152316865575,73999.8671875,4101.031379168514,15.20572543144226,2.4949387084956824,0.4274602410636919,0.04654680037755836
TGCN_C1_GATED,18,32,0.3,0.0005,0.0001,0.8,8,,8,5,41649.73046875,3560.9042595042097,74250.165625,2495.9539616637794,14.939942359924316,1.4476958056500553,0.42546302169333705,0.047705179578341625
TGCN_C1_GATED,18,32,0.3,0.0005,0.0,0.8,8,,8,5,43949.83046875,2806.0961354896785,74721.8703125,2854.1619029929075,15.688141882419586,1.3195054002409157,0.4524174144818517,0.07192240448768482
